ISO-10303-21;
HEADER;
/* Generated by software containing ST-Developer
 * from STEP Tools, Inc. (www.steptools.com) 
 */
/* OPTION: using custom renumber hook */

FILE_DESCRIPTION(
/* description */ ('STEP AP242 Edition 2',
'CAx-IF Rec.Pracs.---Representation and Presentation of Product Manufa
cturing Information (PMI)---4.0---2014-10-13',
'CAx-IF Rec.Pracs.---3D Tessellated Geometry---0.4---2014-09-14','2;1',
'CAx-IF Rec.Pracs.---User Defined Attributes---1.5---2016-08-15'),
/* implementation_level */ '2;1');

FILE_NAME(
/* name */ 'Deimos-4 Drummachine - Top',
/* time_stamp */ '2026-08-18T20:56:46Z',
/* author */ (''),
/* organization */ (''),
/* preprocessor_version */ 'ST-DEVELOPER v20',
/* originating_system */ 'ONSHAPE BY PTC INC, 1.219',
/* authorisation */ '  ');

FILE_SCHEMA (('AP242_MANAGED_MODEL_BASED_3D_ENGINEERING_MIM_LF { 1 0 10303 442 3 1 4 }'));
ENDSEC;

DATA;
#10=SHAPE_REPRESENTATION_RELATIONSHIP('','',#1667,#11);
#11=ADVANCED_BREP_SHAPE_REPRESENTATION('',(#1665),#2755);
#12=CONICAL_SURFACE('',#1796,0.004,0.982793723247328);
#13=CONICAL_SURFACE('',#1799,0.004,0.982793723247329);
#14=CONICAL_SURFACE('',#1800,0.004,0.982793723247328);
#15=CONICAL_SURFACE('',#1803,0.004,0.982793723247329);
#16=CONICAL_SURFACE('',#1804,0.004,0.982793723247329);
#17=CONICAL_SURFACE('',#1807,0.004,0.98279372324733);
#18=CONICAL_SURFACE('',#1808,0.0025,0.982793723247329);
#19=CONICAL_SURFACE('',#1811,0.004,0.98279372324733);
#20=CONICAL_SURFACE('',#1812,0.004,0.982793723247329);
#21=CONICAL_SURFACE('',#1815,0.004,0.982793723247329);
#22=CONICAL_SURFACE('',#1816,0.004,0.982793723247329);
#23=CONICAL_SURFACE('',#1819,0.0025,0.982793723247329);
#24=CONICAL_SURFACE('',#1828,0.00125,0.463647609000807);
#25=CONICAL_SURFACE('',#1829,0.00125,0.463647609000808);
#26=CONICAL_SURFACE('',#1830,0.00125,0.463647609000807);
#27=CONICAL_SURFACE('',#1831,0.00125,0.463647609000807);
#28=CIRCLE('',#1682,0.0016);
#29=CIRCLE('',#1683,0.0016);
#30=CIRCLE('',#1685,0.0016);
#31=CIRCLE('',#1686,0.0016);
#32=CIRCLE('',#1688,0.00375);
#33=CIRCLE('',#1689,0.00375);
#34=CIRCLE('',#1691,0.00375);
#35=CIRCLE('',#1692,0.00375);
#36=CIRCLE('',#1694,0.00375);
#37=CIRCLE('',#1695,0.00375);
#38=CIRCLE('',#1697,0.00375);
#39=CIRCLE('',#1698,0.00375);
#40=CIRCLE('',#1700,0.00375);
#41=CIRCLE('',#1701,0.00375);
#42=CIRCLE('',#1703,0.00375);
#43=CIRCLE('',#1704,0.00375);
#44=CIRCLE('',#1706,0.0018);
#45=CIRCLE('',#1707,0.0018);
#46=CIRCLE('',#1709,0.0018);
#47=CIRCLE('',#1710,0.0018);
#48=CIRCLE('',#1712,0.0018);
#49=CIRCLE('',#1713,0.0018);
#50=CIRCLE('',#1715,0.0018);
#51=CIRCLE('',#1716,0.0018);
#52=CIRCLE('',#1718,0.0025);
#53=CIRCLE('',#1719,0.0025);
#54=CIRCLE('',#1721,0.0025);
#55=CIRCLE('',#1722,0.0025);
#56=CIRCLE('',#1724,0.0025);
#57=CIRCLE('',#1725,0.0025);
#58=CIRCLE('',#1727,0.0025);
#59=CIRCLE('',#1728,0.0025);
#60=CIRCLE('',#1734,0.0016);
#61=CIRCLE('',#1735,0.0016);
#62=CIRCLE('',#1737,0.00175);
#63=CIRCLE('',#1738,0.00175);
#64=CIRCLE('',#1739,0.00175);
#65=CIRCLE('',#1740,0.00175);
#66=CIRCLE('',#1741,0.0025);
#67=CIRCLE('',#1742,0.0055);
#68=CIRCLE('',#1743,0.0055);
#69=CIRCLE('',#1744,0.0025);
#70=CIRCLE('',#1745,0.0055);
#71=CIRCLE('',#1746,0.0055);
#72=CIRCLE('',#1747,0.0055);
#73=CIRCLE('',#1748,0.0055);
#74=CIRCLE('',#1749,0.0055);
#75=CIRCLE('',#1750,0.0055);
#76=CIRCLE('',#1751,0.0055);
#77=CIRCLE('',#1752,0.0055);
#78=CIRCLE('',#1753,0.003);
#79=CIRCLE('',#1754,0.003);
#80=CIRCLE('',#1755,0.003);
#81=CIRCLE('',#1756,0.003);
#82=CIRCLE('',#1759,0.003);
#83=CIRCLE('',#1762,0.003);
#84=CIRCLE('',#1765,0.003);
#85=CIRCLE('',#1768,0.003);
#86=CIRCLE('',#1776,0.00125);
#87=CIRCLE('',#1777,0.00125);
#88=CIRCLE('',#1778,0.00125);
#89=CIRCLE('',#1779,0.00125);
#90=CIRCLE('',#1783,0.004);
#91=CIRCLE('',#1784,0.004);
#92=CIRCLE('',#1785,0.004);
#93=CIRCLE('',#1786,0.004);
#94=CIRCLE('',#1788,0.004);
#95=CIRCLE('',#1789,0.004);
#96=CIRCLE('',#1790,0.004);
#97=CIRCLE('',#1791,0.004);
#98=CIRCLE('',#1792,0.004);
#99=CIRCLE('',#1793,0.004);
#100=CIRCLE('',#1794,0.004);
#101=CIRCLE('',#1795,0.004);
#102=CIRCLE('',#1821,0.00125);
#103=CIRCLE('',#1823,0.00125);
#104=CIRCLE('',#1825,0.00125);
#105=CIRCLE('',#1827,0.00125);
#106=CYLINDRICAL_SURFACE('',#1681,0.0016);
#107=CYLINDRICAL_SURFACE('',#1684,0.0016);
#108=CYLINDRICAL_SURFACE('',#1687,0.00375);
#109=CYLINDRICAL_SURFACE('',#1690,0.00375);
#110=CYLINDRICAL_SURFACE('',#1693,0.00375);
#111=CYLINDRICAL_SURFACE('',#1696,0.00375);
#112=CYLINDRICAL_SURFACE('',#1699,0.00375);
#113=CYLINDRICAL_SURFACE('',#1702,0.00375);
#114=CYLINDRICAL_SURFACE('',#1705,0.0018);
#115=CYLINDRICAL_SURFACE('',#1708,0.0018);
#116=CYLINDRICAL_SURFACE('',#1711,0.0018);
#117=CYLINDRICAL_SURFACE('',#1714,0.0018);
#118=CYLINDRICAL_SURFACE('',#1717,0.0025);
#119=CYLINDRICAL_SURFACE('',#1720,0.0025);
#120=CYLINDRICAL_SURFACE('',#1723,0.0025);
#121=CYLINDRICAL_SURFACE('',#1726,0.0025);
#122=CYLINDRICAL_SURFACE('',#1733,0.0016);
#123=CYLINDRICAL_SURFACE('',#1758,0.003);
#124=CYLINDRICAL_SURFACE('',#1761,0.003);
#125=CYLINDRICAL_SURFACE('',#1764,0.003);
#126=CYLINDRICAL_SURFACE('',#1767,0.003);
#127=CYLINDRICAL_SURFACE('',#1820,0.00125);
#128=CYLINDRICAL_SURFACE('',#1822,0.00125);
#129=CYLINDRICAL_SURFACE('',#1824,0.00125);
#130=CYLINDRICAL_SURFACE('',#1826,0.00125);
#131=ORIENTED_EDGE('',*,*,#559,.F.);
#132=ORIENTED_EDGE('',*,*,#560,.T.);
#133=ORIENTED_EDGE('',*,*,#561,.T.);
#134=ORIENTED_EDGE('',*,*,#562,.F.);
#135=ORIENTED_EDGE('',*,*,#563,.F.);
#136=ORIENTED_EDGE('',*,*,#559,.T.);
#137=ORIENTED_EDGE('',*,*,#564,.T.);
#138=ORIENTED_EDGE('',*,*,#565,.F.);
#139=ORIENTED_EDGE('',*,*,#566,.F.);
#140=ORIENTED_EDGE('',*,*,#565,.T.);
#141=ORIENTED_EDGE('',*,*,#567,.T.);
#142=ORIENTED_EDGE('',*,*,#568,.F.);
#143=ORIENTED_EDGE('',*,*,#569,.F.);
#144=ORIENTED_EDGE('',*,*,#570,.T.);
#145=ORIENTED_EDGE('',*,*,#571,.T.);
#146=ORIENTED_EDGE('',*,*,#572,.F.);
#147=ORIENTED_EDGE('',*,*,#573,.F.);
#148=ORIENTED_EDGE('',*,*,#569,.T.);
#149=ORIENTED_EDGE('',*,*,#574,.T.);
#150=ORIENTED_EDGE('',*,*,#575,.F.);
#151=ORIENTED_EDGE('',*,*,#576,.F.);
#152=ORIENTED_EDGE('',*,*,#575,.T.);
#153=ORIENTED_EDGE('',*,*,#577,.T.);
#154=ORIENTED_EDGE('',*,*,#578,.F.);
#155=ORIENTED_EDGE('',*,*,#579,.F.);
#156=ORIENTED_EDGE('',*,*,#580,.T.);
#157=ORIENTED_EDGE('',*,*,#581,.T.);
#158=ORIENTED_EDGE('',*,*,#582,.F.);
#159=ORIENTED_EDGE('',*,*,#583,.F.);
#160=ORIENTED_EDGE('',*,*,#579,.T.);
#161=ORIENTED_EDGE('',*,*,#584,.T.);
#162=ORIENTED_EDGE('',*,*,#585,.F.);
#163=ORIENTED_EDGE('',*,*,#586,.F.);
#164=ORIENTED_EDGE('',*,*,#585,.T.);
#165=ORIENTED_EDGE('',*,*,#587,.T.);
#166=ORIENTED_EDGE('',*,*,#588,.F.);
#167=ORIENTED_EDGE('',*,*,#589,.F.);
#168=ORIENTED_EDGE('',*,*,#590,.T.);
#169=ORIENTED_EDGE('',*,*,#591,.T.);
#170=ORIENTED_EDGE('',*,*,#592,.F.);
#171=ORIENTED_EDGE('',*,*,#593,.F.);
#172=ORIENTED_EDGE('',*,*,#589,.T.);
#173=ORIENTED_EDGE('',*,*,#594,.T.);
#174=ORIENTED_EDGE('',*,*,#595,.F.);
#175=ORIENTED_EDGE('',*,*,#596,.F.);
#176=ORIENTED_EDGE('',*,*,#595,.T.);
#177=ORIENTED_EDGE('',*,*,#597,.T.);
#178=ORIENTED_EDGE('',*,*,#598,.F.);
#179=ORIENTED_EDGE('',*,*,#599,.F.);
#180=ORIENTED_EDGE('',*,*,#600,.T.);
#181=ORIENTED_EDGE('',*,*,#601,.F.);
#182=ORIENTED_EDGE('',*,*,#602,.T.);
#183=ORIENTED_EDGE('',*,*,#603,.F.);
#184=ORIENTED_EDGE('',*,*,#604,.T.);
#185=ORIENTED_EDGE('',*,*,#605,.F.);
#186=ORIENTED_EDGE('',*,*,#606,.T.);
#187=ORIENTED_EDGE('',*,*,#607,.F.);
#188=ORIENTED_EDGE('',*,*,#608,.T.);
#189=ORIENTED_EDGE('',*,*,#609,.F.);
#190=ORIENTED_EDGE('',*,*,#610,.T.);
#191=ORIENTED_EDGE('',*,*,#611,.F.);
#192=ORIENTED_EDGE('',*,*,#612,.T.);
#193=ORIENTED_EDGE('',*,*,#613,.F.);
#194=ORIENTED_EDGE('',*,*,#614,.T.);
#195=ORIENTED_EDGE('',*,*,#615,.F.);
#196=ORIENTED_EDGE('',*,*,#616,.T.);
#197=ORIENTED_EDGE('',*,*,#617,.F.);
#198=ORIENTED_EDGE('',*,*,#618,.T.);
#199=ORIENTED_EDGE('',*,*,#619,.F.);
#200=ORIENTED_EDGE('',*,*,#620,.T.);
#201=ORIENTED_EDGE('',*,*,#621,.F.);
#202=ORIENTED_EDGE('',*,*,#622,.T.);
#203=ORIENTED_EDGE('',*,*,#623,.F.);
#204=ORIENTED_EDGE('',*,*,#624,.T.);
#205=ORIENTED_EDGE('',*,*,#625,.F.);
#206=ORIENTED_EDGE('',*,*,#626,.T.);
#207=ORIENTED_EDGE('',*,*,#627,.F.);
#208=ORIENTED_EDGE('',*,*,#628,.T.);
#209=ORIENTED_EDGE('',*,*,#629,.F.);
#210=ORIENTED_EDGE('',*,*,#630,.T.);
#211=ORIENTED_EDGE('',*,*,#561,.F.);
#212=ORIENTED_EDGE('',*,*,#631,.T.);
#213=ORIENTED_EDGE('',*,*,#568,.T.);
#214=ORIENTED_EDGE('',*,*,#632,.F.);
#215=ORIENTED_EDGE('',*,*,#571,.F.);
#216=ORIENTED_EDGE('',*,*,#633,.T.);
#217=ORIENTED_EDGE('',*,*,#578,.T.);
#218=ORIENTED_EDGE('',*,*,#634,.F.);
#219=ORIENTED_EDGE('',*,*,#581,.F.);
#220=ORIENTED_EDGE('',*,*,#635,.T.);
#221=ORIENTED_EDGE('',*,*,#588,.T.);
#222=ORIENTED_EDGE('',*,*,#636,.F.);
#223=ORIENTED_EDGE('',*,*,#591,.F.);
#224=ORIENTED_EDGE('',*,*,#637,.T.);
#225=ORIENTED_EDGE('',*,*,#598,.T.);
#226=ORIENTED_EDGE('',*,*,#638,.F.);
#227=ORIENTED_EDGE('',*,*,#639,.F.);
#228=ORIENTED_EDGE('',*,*,#640,.T.);
#229=ORIENTED_EDGE('',*,*,#641,.T.);
#230=ORIENTED_EDGE('',*,*,#642,.T.);
#231=ORIENTED_EDGE('',*,*,#643,.T.);
#232=ORIENTED_EDGE('',*,*,#644,.T.);
#233=ORIENTED_EDGE('',*,*,#645,.T.);
#234=ORIENTED_EDGE('',*,*,#646,.T.);
#235=ORIENTED_EDGE('',*,*,#647,.T.);
#236=ORIENTED_EDGE('',*,*,#648,.T.);
#237=ORIENTED_EDGE('',*,*,#649,.T.);
#238=ORIENTED_EDGE('',*,*,#650,.T.);
#239=ORIENTED_EDGE('',*,*,#651,.T.);
#240=ORIENTED_EDGE('',*,*,#652,.T.);
#241=ORIENTED_EDGE('',*,*,#653,.T.);
#242=ORIENTED_EDGE('',*,*,#654,.T.);
#243=ORIENTED_EDGE('',*,*,#655,.T.);
#244=ORIENTED_EDGE('',*,*,#656,.T.);
#245=ORIENTED_EDGE('',*,*,#657,.T.);
#246=ORIENTED_EDGE('',*,*,#658,.T.);
#247=ORIENTED_EDGE('',*,*,#659,.T.);
#248=ORIENTED_EDGE('',*,*,#660,.T.);
#249=ORIENTED_EDGE('',*,*,#661,.T.);
#250=ORIENTED_EDGE('',*,*,#662,.T.);
#251=ORIENTED_EDGE('',*,*,#663,.T.);
#252=ORIENTED_EDGE('',*,*,#664,.T.);
#253=ORIENTED_EDGE('',*,*,#665,.T.);
#254=ORIENTED_EDGE('',*,*,#666,.T.);
#255=ORIENTED_EDGE('',*,*,#667,.T.);
#256=ORIENTED_EDGE('',*,*,#668,.T.);
#257=ORIENTED_EDGE('',*,*,#669,.F.);
#258=ORIENTED_EDGE('',*,*,#670,.T.);
#259=ORIENTED_EDGE('',*,*,#671,.T.);
#260=ORIENTED_EDGE('',*,*,#672,.T.);
#261=ORIENTED_EDGE('',*,*,#673,.F.);
#262=ORIENTED_EDGE('',*,*,#674,.F.);
#263=ORIENTED_EDGE('',*,*,#675,.T.);
#264=ORIENTED_EDGE('',*,*,#676,.T.);
#265=ORIENTED_EDGE('',*,*,#677,.F.);
#266=ORIENTED_EDGE('',*,*,#678,.T.);
#267=ORIENTED_EDGE('',*,*,#679,.F.);
#268=ORIENTED_EDGE('',*,*,#680,.T.);
#269=ORIENTED_EDGE('',*,*,#681,.T.);
#270=ORIENTED_EDGE('',*,*,#682,.T.);
#271=ORIENTED_EDGE('',*,*,#683,.T.);
#272=ORIENTED_EDGE('',*,*,#684,.T.);
#273=ORIENTED_EDGE('',*,*,#677,.T.);
#274=ORIENTED_EDGE('',*,*,#685,.T.);
#275=ORIENTED_EDGE('',*,*,#686,.F.);
#276=ORIENTED_EDGE('',*,*,#687,.F.);
#277=ORIENTED_EDGE('',*,*,#688,.T.);
#278=ORIENTED_EDGE('',*,*,#689,.F.);
#279=ORIENTED_EDGE('',*,*,#678,.F.);
#280=ORIENTED_EDGE('',*,*,#687,.T.);
#281=ORIENTED_EDGE('',*,*,#690,.F.);
#282=ORIENTED_EDGE('',*,*,#691,.F.);
#283=ORIENTED_EDGE('',*,*,#679,.T.);
#284=ORIENTED_EDGE('',*,*,#689,.T.);
#285=ORIENTED_EDGE('',*,*,#692,.T.);
#286=ORIENTED_EDGE('',*,*,#693,.F.);
#287=ORIENTED_EDGE('',*,*,#680,.F.);
#288=ORIENTED_EDGE('',*,*,#691,.T.);
#289=ORIENTED_EDGE('',*,*,#694,.T.);
#290=ORIENTED_EDGE('',*,*,#695,.F.);
#291=ORIENTED_EDGE('',*,*,#681,.F.);
#292=ORIENTED_EDGE('',*,*,#693,.T.);
#293=ORIENTED_EDGE('',*,*,#696,.T.);
#294=ORIENTED_EDGE('',*,*,#697,.F.);
#295=ORIENTED_EDGE('',*,*,#682,.F.);
#296=ORIENTED_EDGE('',*,*,#695,.T.);
#297=ORIENTED_EDGE('',*,*,#698,.T.);
#298=ORIENTED_EDGE('',*,*,#699,.F.);
#299=ORIENTED_EDGE('',*,*,#683,.F.);
#300=ORIENTED_EDGE('',*,*,#697,.T.);
#301=ORIENTED_EDGE('',*,*,#700,.T.);
#302=ORIENTED_EDGE('',*,*,#701,.F.);
#303=ORIENTED_EDGE('',*,*,#684,.F.);
#304=ORIENTED_EDGE('',*,*,#699,.T.);
#305=ORIENTED_EDGE('',*,*,#702,.F.);
#306=ORIENTED_EDGE('',*,*,#703,.T.);
#307=ORIENTED_EDGE('',*,*,#669,.T.);
#308=ORIENTED_EDGE('',*,*,#701,.T.);
#309=ORIENTED_EDGE('',*,*,#671,.F.);
#310=ORIENTED_EDGE('',*,*,#704,.T.);
#311=ORIENTED_EDGE('',*,*,#705,.T.);
#312=ORIENTED_EDGE('',*,*,#706,.F.);
#313=ORIENTED_EDGE('',*,*,#707,.T.);
#314=ORIENTED_EDGE('',*,*,#708,.F.);
#315=ORIENTED_EDGE('',*,*,#672,.F.);
#316=ORIENTED_EDGE('',*,*,#706,.T.);
#317=ORIENTED_EDGE('',*,*,#709,.F.);
#318=ORIENTED_EDGE('',*,*,#710,.F.);
#319=ORIENTED_EDGE('',*,*,#673,.T.);
#320=ORIENTED_EDGE('',*,*,#708,.T.);
#321=ORIENTED_EDGE('',*,*,#711,.F.);
#322=ORIENTED_EDGE('',*,*,#712,.F.);
#323=ORIENTED_EDGE('',*,*,#674,.T.);
#324=ORIENTED_EDGE('',*,*,#710,.T.);
#325=ORIENTED_EDGE('',*,*,#713,.T.);
#326=ORIENTED_EDGE('',*,*,#714,.T.);
#327=ORIENTED_EDGE('',*,*,#675,.F.);
#328=ORIENTED_EDGE('',*,*,#712,.T.);
#329=ORIENTED_EDGE('',*,*,#715,.T.);
#330=ORIENTED_EDGE('',*,*,#716,.T.);
#331=ORIENTED_EDGE('',*,*,#717,.T.);
#332=ORIENTED_EDGE('',*,*,#718,.T.);
#333=ORIENTED_EDGE('',*,*,#686,.T.);
#334=ORIENTED_EDGE('',*,*,#719,.T.);
#335=ORIENTED_EDGE('',*,*,#713,.F.);
#336=ORIENTED_EDGE('',*,*,#711,.T.);
#337=ORIENTED_EDGE('',*,*,#709,.T.);
#338=ORIENTED_EDGE('',*,*,#707,.F.);
#339=ORIENTED_EDGE('',*,*,#705,.F.);
#340=ORIENTED_EDGE('',*,*,#720,.F.);
#341=ORIENTED_EDGE('',*,*,#702,.T.);
#342=ORIENTED_EDGE('',*,*,#700,.F.);
#343=ORIENTED_EDGE('',*,*,#698,.F.);
#344=ORIENTED_EDGE('',*,*,#696,.F.);
#345=ORIENTED_EDGE('',*,*,#694,.F.);
#346=ORIENTED_EDGE('',*,*,#692,.F.);
#347=ORIENTED_EDGE('',*,*,#690,.T.);
#348=ORIENTED_EDGE('',*,*,#688,.F.);
#349=ORIENTED_EDGE('',*,*,#592,.T.);
#350=ORIENTED_EDGE('',*,*,#638,.T.);
#351=ORIENTED_EDGE('',*,*,#597,.F.);
#352=ORIENTED_EDGE('',*,*,#594,.F.);
#353=ORIENTED_EDGE('',*,*,#582,.T.);
#354=ORIENTED_EDGE('',*,*,#636,.T.);
#355=ORIENTED_EDGE('',*,*,#587,.F.);
#356=ORIENTED_EDGE('',*,*,#584,.F.);
#357=ORIENTED_EDGE('',*,*,#572,.T.);
#358=ORIENTED_EDGE('',*,*,#634,.T.);
#359=ORIENTED_EDGE('',*,*,#577,.F.);
#360=ORIENTED_EDGE('',*,*,#574,.F.);
#361=ORIENTED_EDGE('',*,*,#562,.T.);
#362=ORIENTED_EDGE('',*,*,#632,.T.);
#363=ORIENTED_EDGE('',*,*,#567,.F.);
#364=ORIENTED_EDGE('',*,*,#564,.F.);
#365=ORIENTED_EDGE('',*,*,#629,.T.);
#366=ORIENTED_EDGE('',*,*,#627,.T.);
#367=ORIENTED_EDGE('',*,*,#625,.T.);
#368=ORIENTED_EDGE('',*,*,#623,.T.);
#369=ORIENTED_EDGE('',*,*,#621,.T.);
#370=ORIENTED_EDGE('',*,*,#619,.T.);
#371=ORIENTED_EDGE('',*,*,#617,.T.);
#372=ORIENTED_EDGE('',*,*,#615,.T.);
#373=ORIENTED_EDGE('',*,*,#613,.T.);
#374=ORIENTED_EDGE('',*,*,#611,.T.);
#375=ORIENTED_EDGE('',*,*,#609,.T.);
#376=ORIENTED_EDGE('',*,*,#607,.T.);
#377=ORIENTED_EDGE('',*,*,#605,.T.);
#378=ORIENTED_EDGE('',*,*,#603,.T.);
#379=ORIENTED_EDGE('',*,*,#601,.T.);
#380=ORIENTED_EDGE('',*,*,#599,.T.);
#381=ORIENTED_EDGE('',*,*,#639,.T.);
#382=ORIENTED_EDGE('',*,*,#685,.F.);
#383=ORIENTED_EDGE('',*,*,#676,.F.);
#384=ORIENTED_EDGE('',*,*,#714,.F.);
#385=ORIENTED_EDGE('',*,*,#719,.F.);
#386=ORIENTED_EDGE('',*,*,#703,.F.);
#387=ORIENTED_EDGE('',*,*,#720,.T.);
#388=ORIENTED_EDGE('',*,*,#704,.F.);
#389=ORIENTED_EDGE('',*,*,#670,.F.);
#390=ORIENTED_EDGE('',*,*,#604,.F.);
#391=ORIENTED_EDGE('',*,*,#721,.F.);
#392=ORIENTED_EDGE('',*,*,#722,.T.);
#393=ORIENTED_EDGE('',*,*,#723,.F.);
#394=ORIENTED_EDGE('',*,*,#724,.T.);
#395=ORIENTED_EDGE('',*,*,#725,.T.);
#396=ORIENTED_EDGE('',*,*,#726,.T.);
#397=ORIENTED_EDGE('',*,*,#727,.T.);
#398=ORIENTED_EDGE('',*,*,#728,.T.);
#399=ORIENTED_EDGE('',*,*,#590,.F.);
#400=ORIENTED_EDGE('',*,*,#593,.T.);
#401=ORIENTED_EDGE('',*,*,#596,.T.);
#402=ORIENTED_EDGE('',*,*,#637,.F.);
#403=ORIENTED_EDGE('',*,*,#580,.F.);
#404=ORIENTED_EDGE('',*,*,#583,.T.);
#405=ORIENTED_EDGE('',*,*,#586,.T.);
#406=ORIENTED_EDGE('',*,*,#635,.F.);
#407=ORIENTED_EDGE('',*,*,#570,.F.);
#408=ORIENTED_EDGE('',*,*,#573,.T.);
#409=ORIENTED_EDGE('',*,*,#576,.T.);
#410=ORIENTED_EDGE('',*,*,#633,.F.);
#411=ORIENTED_EDGE('',*,*,#560,.F.);
#412=ORIENTED_EDGE('',*,*,#563,.T.);
#413=ORIENTED_EDGE('',*,*,#566,.T.);
#414=ORIENTED_EDGE('',*,*,#631,.F.);
#415=ORIENTED_EDGE('',*,*,#630,.F.);
#416=ORIENTED_EDGE('',*,*,#628,.F.);
#417=ORIENTED_EDGE('',*,*,#626,.F.);
#418=ORIENTED_EDGE('',*,*,#624,.F.);
#419=ORIENTED_EDGE('',*,*,#622,.F.);
#420=ORIENTED_EDGE('',*,*,#620,.F.);
#421=ORIENTED_EDGE('',*,*,#618,.F.);
#422=ORIENTED_EDGE('',*,*,#616,.F.);
#423=ORIENTED_EDGE('',*,*,#614,.F.);
#424=ORIENTED_EDGE('',*,*,#612,.F.);
#425=ORIENTED_EDGE('',*,*,#610,.F.);
#426=ORIENTED_EDGE('',*,*,#608,.F.);
#427=ORIENTED_EDGE('',*,*,#606,.F.);
#428=ORIENTED_EDGE('',*,*,#602,.F.);
#429=ORIENTED_EDGE('',*,*,#600,.F.);
#430=ORIENTED_EDGE('',*,*,#640,.F.);
#431=ORIENTED_EDGE('',*,*,#729,.T.);
#432=ORIENTED_EDGE('',*,*,#730,.T.);
#433=ORIENTED_EDGE('',*,*,#731,.T.);
#434=ORIENTED_EDGE('',*,*,#732,.F.);
#435=ORIENTED_EDGE('',*,*,#733,.T.);
#436=ORIENTED_EDGE('',*,*,#734,.T.);
#437=ORIENTED_EDGE('',*,*,#735,.T.);
#438=ORIENTED_EDGE('',*,*,#736,.T.);
#439=ORIENTED_EDGE('',*,*,#737,.T.);
#440=ORIENTED_EDGE('',*,*,#738,.F.);
#441=ORIENTED_EDGE('',*,*,#739,.T.);
#442=ORIENTED_EDGE('',*,*,#740,.T.);
#443=ORIENTED_EDGE('',*,*,#741,.T.);
#444=ORIENTED_EDGE('',*,*,#742,.T.);
#445=ORIENTED_EDGE('',*,*,#743,.T.);
#446=ORIENTED_EDGE('',*,*,#744,.T.);
#447=ORIENTED_EDGE('',*,*,#745,.F.);
#448=ORIENTED_EDGE('',*,*,#666,.F.);
#449=ORIENTED_EDGE('',*,*,#746,.F.);
#450=ORIENTED_EDGE('',*,*,#722,.F.);
#451=ORIENTED_EDGE('',*,*,#746,.T.);
#452=ORIENTED_EDGE('',*,*,#665,.F.);
#453=ORIENTED_EDGE('',*,*,#747,.F.);
#454=ORIENTED_EDGE('',*,*,#723,.T.);
#455=ORIENTED_EDGE('',*,*,#745,.T.);
#456=ORIENTED_EDGE('',*,*,#721,.T.);
#457=ORIENTED_EDGE('',*,*,#748,.F.);
#458=ORIENTED_EDGE('',*,*,#667,.F.);
#459=ORIENTED_EDGE('',*,*,#747,.T.);
#460=ORIENTED_EDGE('',*,*,#664,.F.);
#461=ORIENTED_EDGE('',*,*,#749,.F.);
#462=ORIENTED_EDGE('',*,*,#724,.F.);
#463=ORIENTED_EDGE('',*,*,#748,.T.);
#464=ORIENTED_EDGE('',*,*,#728,.F.);
#465=ORIENTED_EDGE('',*,*,#750,.F.);
#466=ORIENTED_EDGE('',*,*,#668,.F.);
#467=ORIENTED_EDGE('',*,*,#749,.T.);
#468=ORIENTED_EDGE('',*,*,#663,.F.);
#469=ORIENTED_EDGE('',*,*,#751,.F.);
#470=ORIENTED_EDGE('',*,*,#725,.F.);
#471=ORIENTED_EDGE('',*,*,#750,.T.);
#472=ORIENTED_EDGE('',*,*,#727,.F.);
#473=ORIENTED_EDGE('',*,*,#752,.F.);
#474=ORIENTED_EDGE('',*,*,#661,.F.);
#475=ORIENTED_EDGE('',*,*,#751,.T.);
#476=ORIENTED_EDGE('',*,*,#662,.F.);
#477=ORIENTED_EDGE('',*,*,#752,.T.);
#478=ORIENTED_EDGE('',*,*,#726,.F.);
#479=ORIENTED_EDGE('',*,*,#753,.F.);
#480=ORIENTED_EDGE('',*,*,#730,.F.);
#481=ORIENTED_EDGE('',*,*,#754,.F.);
#482=ORIENTED_EDGE('',*,*,#654,.F.);
#483=ORIENTED_EDGE('',*,*,#754,.T.);
#484=ORIENTED_EDGE('',*,*,#729,.F.);
#485=ORIENTED_EDGE('',*,*,#755,.F.);
#486=ORIENTED_EDGE('',*,*,#655,.F.);
#487=ORIENTED_EDGE('',*,*,#753,.T.);
#488=ORIENTED_EDGE('',*,*,#653,.F.);
#489=ORIENTED_EDGE('',*,*,#756,.F.);
#490=ORIENTED_EDGE('',*,*,#731,.F.);
#491=ORIENTED_EDGE('',*,*,#755,.T.);
#492=ORIENTED_EDGE('',*,*,#744,.F.);
#493=ORIENTED_EDGE('',*,*,#757,.F.);
#494=ORIENTED_EDGE('',*,*,#656,.F.);
#495=ORIENTED_EDGE('',*,*,#756,.T.);
#496=ORIENTED_EDGE('',*,*,#652,.F.);
#497=ORIENTED_EDGE('',*,*,#758,.F.);
#498=ORIENTED_EDGE('',*,*,#732,.T.);
#499=ORIENTED_EDGE('',*,*,#757,.T.);
#500=ORIENTED_EDGE('',*,*,#743,.F.);
#501=ORIENTED_EDGE('',*,*,#759,.F.);
#502=ORIENTED_EDGE('',*,*,#657,.F.);
#503=ORIENTED_EDGE('',*,*,#758,.T.);
#504=ORIENTED_EDGE('',*,*,#651,.F.);
#505=ORIENTED_EDGE('',*,*,#760,.F.);
#506=ORIENTED_EDGE('',*,*,#733,.F.);
#507=ORIENTED_EDGE('',*,*,#759,.T.);
#508=ORIENTED_EDGE('',*,*,#742,.F.);
#509=ORIENTED_EDGE('',*,*,#761,.F.);
#510=ORIENTED_EDGE('',*,*,#658,.F.);
#511=ORIENTED_EDGE('',*,*,#760,.T.);
#512=ORIENTED_EDGE('',*,*,#650,.F.);
#513=ORIENTED_EDGE('',*,*,#762,.F.);
#514=ORIENTED_EDGE('',*,*,#734,.F.);
#515=ORIENTED_EDGE('',*,*,#761,.T.);
#516=ORIENTED_EDGE('',*,*,#741,.F.);
#517=ORIENTED_EDGE('',*,*,#763,.F.);
#518=ORIENTED_EDGE('',*,*,#659,.F.);
#519=ORIENTED_EDGE('',*,*,#762,.T.);
#520=ORIENTED_EDGE('',*,*,#649,.F.);
#521=ORIENTED_EDGE('',*,*,#764,.F.);
#522=ORIENTED_EDGE('',*,*,#735,.F.);
#523=ORIENTED_EDGE('',*,*,#763,.T.);
#524=ORIENTED_EDGE('',*,*,#740,.F.);
#525=ORIENTED_EDGE('',*,*,#765,.F.);
#526=ORIENTED_EDGE('',*,*,#660,.F.);
#527=ORIENTED_EDGE('',*,*,#764,.T.);
#528=ORIENTED_EDGE('',*,*,#648,.F.);
#529=ORIENTED_EDGE('',*,*,#766,.F.);
#530=ORIENTED_EDGE('',*,*,#736,.F.);
#531=ORIENTED_EDGE('',*,*,#765,.T.);
#532=ORIENTED_EDGE('',*,*,#739,.F.);
#533=ORIENTED_EDGE('',*,*,#767,.F.);
#534=ORIENTED_EDGE('',*,*,#645,.F.);
#535=ORIENTED_EDGE('',*,*,#766,.T.);
#536=ORIENTED_EDGE('',*,*,#647,.F.);
#537=ORIENTED_EDGE('',*,*,#768,.F.);
#538=ORIENTED_EDGE('',*,*,#737,.F.);
#539=ORIENTED_EDGE('',*,*,#767,.T.);
#540=ORIENTED_EDGE('',*,*,#738,.T.);
#541=ORIENTED_EDGE('',*,*,#768,.T.);
#542=ORIENTED_EDGE('',*,*,#646,.F.);
#543=ORIENTED_EDGE('',*,*,#769,.T.);
#544=ORIENTED_EDGE('',*,*,#718,.F.);
#545=ORIENTED_EDGE('',*,*,#770,.T.);
#546=ORIENTED_EDGE('',*,*,#717,.F.);
#547=ORIENTED_EDGE('',*,*,#771,.T.);
#548=ORIENTED_EDGE('',*,*,#716,.F.);
#549=ORIENTED_EDGE('',*,*,#772,.T.);
#550=ORIENTED_EDGE('',*,*,#715,.F.);
#551=ORIENTED_EDGE('',*,*,#641,.F.);
#552=ORIENTED_EDGE('',*,*,#772,.F.);
#553=ORIENTED_EDGE('',*,*,#642,.F.);
#554=ORIENTED_EDGE('',*,*,#771,.F.);
#555=ORIENTED_EDGE('',*,*,#643,.F.);
#556=ORIENTED_EDGE('',*,*,#770,.F.);
#557=ORIENTED_EDGE('',*,*,#644,.F.);
#558=ORIENTED_EDGE('',*,*,#769,.F.);
#559=EDGE_CURVE('',#773,#774,#931,.T.);
#560=EDGE_CURVE('',#773,#775,#932,.T.);
#561=EDGE_CURVE('',#775,#776,#933,.T.);
#562=EDGE_CURVE('',#774,#776,#934,.T.);
#563=EDGE_CURVE('',#773,#777,#935,.T.);
#564=EDGE_CURVE('',#774,#778,#936,.T.);
#565=EDGE_CURVE('',#777,#778,#937,.T.);
#566=EDGE_CURVE('',#777,#779,#938,.T.);
#567=EDGE_CURVE('',#778,#780,#939,.T.);
#568=EDGE_CURVE('',#779,#780,#940,.T.);
#569=EDGE_CURVE('',#781,#782,#941,.T.);
#570=EDGE_CURVE('',#781,#783,#942,.T.);
#571=EDGE_CURVE('',#783,#784,#943,.T.);
#572=EDGE_CURVE('',#782,#784,#944,.T.);
#573=EDGE_CURVE('',#781,#785,#945,.T.);
#574=EDGE_CURVE('',#782,#786,#946,.T.);
#575=EDGE_CURVE('',#785,#786,#947,.T.);
#576=EDGE_CURVE('',#785,#787,#948,.T.);
#577=EDGE_CURVE('',#786,#788,#949,.T.);
#578=EDGE_CURVE('',#787,#788,#950,.T.);
#579=EDGE_CURVE('',#789,#790,#951,.T.);
#580=EDGE_CURVE('',#789,#791,#952,.T.);
#581=EDGE_CURVE('',#791,#792,#953,.T.);
#582=EDGE_CURVE('',#790,#792,#954,.T.);
#583=EDGE_CURVE('',#789,#793,#955,.T.);
#584=EDGE_CURVE('',#790,#794,#956,.T.);
#585=EDGE_CURVE('',#793,#794,#957,.T.);
#586=EDGE_CURVE('',#793,#795,#958,.T.);
#587=EDGE_CURVE('',#794,#796,#959,.T.);
#588=EDGE_CURVE('',#795,#796,#960,.T.);
#589=EDGE_CURVE('',#797,#798,#961,.T.);
#590=EDGE_CURVE('',#797,#799,#962,.T.);
#591=EDGE_CURVE('',#799,#800,#963,.T.);
#592=EDGE_CURVE('',#798,#800,#964,.T.);
#593=EDGE_CURVE('',#797,#801,#965,.T.);
#594=EDGE_CURVE('',#798,#802,#966,.T.);
#595=EDGE_CURVE('',#801,#802,#967,.T.);
#596=EDGE_CURVE('',#801,#803,#968,.T.);
#597=EDGE_CURVE('',#802,#804,#969,.T.);
#598=EDGE_CURVE('',#803,#804,#970,.T.);
#599=EDGE_CURVE('',#805,#805,#28,.T.);
#600=EDGE_CURVE('',#806,#806,#29,.T.);
#601=EDGE_CURVE('',#807,#807,#30,.T.);
#602=EDGE_CURVE('',#808,#808,#31,.T.);
#603=EDGE_CURVE('',#809,#809,#32,.T.);
#604=EDGE_CURVE('',#810,#810,#33,.T.);
#605=EDGE_CURVE('',#811,#811,#34,.T.);
#606=EDGE_CURVE('',#812,#812,#35,.T.);
#607=EDGE_CURVE('',#813,#813,#36,.T.);
#608=EDGE_CURVE('',#814,#814,#37,.T.);
#609=EDGE_CURVE('',#815,#815,#38,.T.);
#610=EDGE_CURVE('',#816,#816,#39,.T.);
#611=EDGE_CURVE('',#817,#817,#40,.T.);
#612=EDGE_CURVE('',#818,#818,#41,.T.);
#613=EDGE_CURVE('',#819,#819,#42,.T.);
#614=EDGE_CURVE('',#820,#820,#43,.T.);
#615=EDGE_CURVE('',#821,#821,#44,.T.);
#616=EDGE_CURVE('',#822,#822,#45,.T.);
#617=EDGE_CURVE('',#823,#823,#46,.T.);
#618=EDGE_CURVE('',#824,#824,#47,.T.);
#619=EDGE_CURVE('',#825,#825,#48,.T.);
#620=EDGE_CURVE('',#826,#826,#49,.T.);
#621=EDGE_CURVE('',#827,#827,#50,.T.);
#622=EDGE_CURVE('',#828,#828,#51,.T.);
#623=EDGE_CURVE('',#829,#829,#52,.T.);
#624=EDGE_CURVE('',#830,#830,#53,.T.);
#625=EDGE_CURVE('',#831,#831,#54,.T.);
#626=EDGE_CURVE('',#832,#832,#55,.T.);
#627=EDGE_CURVE('',#833,#833,#56,.T.);
#628=EDGE_CURVE('',#834,#834,#57,.T.);
#629=EDGE_CURVE('',#835,#835,#58,.T.);
#630=EDGE_CURVE('',#836,#836,#59,.T.);
#631=EDGE_CURVE('',#775,#779,#971,.T.);
#632=EDGE_CURVE('',#776,#780,#972,.T.);
#633=EDGE_CURVE('',#783,#787,#973,.T.);
#634=EDGE_CURVE('',#784,#788,#974,.T.);
#635=EDGE_CURVE('',#791,#795,#975,.T.);
#636=EDGE_CURVE('',#792,#796,#976,.T.);
#637=EDGE_CURVE('',#799,#803,#977,.T.);
#638=EDGE_CURVE('',#800,#804,#978,.T.);
#639=EDGE_CURVE('',#837,#837,#60,.T.);
#640=EDGE_CURVE('',#838,#838,#61,.T.);
#641=EDGE_CURVE('',#839,#839,#62,.F.);
#642=EDGE_CURVE('',#840,#840,#63,.F.);
#643=EDGE_CURVE('',#841,#841,#64,.F.);
#644=EDGE_CURVE('',#842,#842,#65,.F.);
#645=EDGE_CURVE('',#843,#844,#979,.T.);
#646=EDGE_CURVE('',#844,#845,#66,.T.);
#647=EDGE_CURVE('',#845,#846,#980,.T.);
#648=EDGE_CURVE('',#846,#847,#67,.F.);
#649=EDGE_CURVE('',#847,#848,#981,.T.);
#650=EDGE_CURVE('',#848,#849,#68,.F.);
#651=EDGE_CURVE('',#849,#850,#982,.T.);
#652=EDGE_CURVE('',#850,#851,#69,.T.);
#653=EDGE_CURVE('',#851,#852,#983,.T.);
#654=EDGE_CURVE('',#852,#853,#70,.F.);
#655=EDGE_CURVE('',#853,#854,#984,.T.);
#656=EDGE_CURVE('',#854,#855,#71,.F.);
#657=EDGE_CURVE('',#855,#856,#985,.T.);
#658=EDGE_CURVE('',#856,#857,#72,.F.);
#659=EDGE_CURVE('',#857,#858,#986,.T.);
#660=EDGE_CURVE('',#858,#843,#73,.F.);
#661=EDGE_CURVE('',#859,#860,#987,.T.);
#662=EDGE_CURVE('',#860,#861,#74,.F.);
#663=EDGE_CURVE('',#861,#862,#988,.T.);
#664=EDGE_CURVE('',#862,#863,#75,.F.);
#665=EDGE_CURVE('',#863,#864,#989,.T.);
#666=EDGE_CURVE('',#864,#865,#76,.F.);
#667=EDGE_CURVE('',#865,#866,#990,.T.);
#668=EDGE_CURVE('',#866,#859,#77,.F.);
#669=EDGE_CURVE('',#867,#868,#991,.T.);
#670=EDGE_CURVE('',#867,#869,#992,.T.);
#671=EDGE_CURVE('',#869,#870,#993,.T.);
#672=EDGE_CURVE('',#870,#871,#994,.T.);
#673=EDGE_CURVE('',#872,#871,#995,.T.);
#674=EDGE_CURVE('',#873,#872,#996,.T.);
#675=EDGE_CURVE('',#873,#874,#997,.T.);
#676=EDGE_CURVE('',#874,#875,#998,.T.);
#677=EDGE_CURVE('',#876,#875,#999,.T.);
#678=EDGE_CURVE('',#876,#877,#78,.T.);
#679=EDGE_CURVE('',#878,#877,#1000,.T.);
#680=EDGE_CURVE('',#878,#879,#79,.T.);
#681=EDGE_CURVE('',#879,#880,#1001,.T.);
#682=EDGE_CURVE('',#880,#881,#80,.T.);
#683=EDGE_CURVE('',#881,#882,#1002,.T.);
#684=EDGE_CURVE('',#882,#868,#81,.T.);
#685=EDGE_CURVE('',#875,#883,#1003,.F.);
#686=EDGE_CURVE('',#884,#883,#1004,.T.);
#687=EDGE_CURVE('',#876,#884,#1005,.T.);
#688=EDGE_CURVE('',#884,#885,#82,.T.);
#689=EDGE_CURVE('',#877,#885,#1006,.T.);
#690=EDGE_CURVE('',#886,#885,#1007,.T.);
#691=EDGE_CURVE('',#878,#886,#1008,.T.);
#692=EDGE_CURVE('',#886,#887,#83,.T.);
#693=EDGE_CURVE('',#879,#887,#1009,.T.);
#694=EDGE_CURVE('',#887,#888,#1010,.T.);
#695=EDGE_CURVE('',#880,#888,#1011,.T.);
#696=EDGE_CURVE('',#888,#889,#84,.T.);
#697=EDGE_CURVE('',#881,#889,#1012,.T.);
#698=EDGE_CURVE('',#889,#890,#1013,.T.);
#699=EDGE_CURVE('',#882,#890,#1014,.T.);
#700=EDGE_CURVE('',#890,#891,#85,.T.);
#701=EDGE_CURVE('',#868,#891,#1015,.T.);
#702=EDGE_CURVE('',#892,#891,#1016,.T.);
#703=EDGE_CURVE('',#892,#867,#1017,.T.);
#704=EDGE_CURVE('',#869,#893,#1018,.T.);
#705=EDGE_CURVE('',#893,#894,#1019,.T.);
#706=EDGE_CURVE('',#870,#894,#1020,.T.);
#707=EDGE_CURVE('',#894,#895,#1021,.T.);
#708=EDGE_CURVE('',#871,#895,#1022,.T.);
#709=EDGE_CURVE('',#896,#895,#1023,.T.);
#710=EDGE_CURVE('',#872,#896,#1024,.T.);
#711=EDGE_CURVE('',#897,#896,#1025,.T.);
#712=EDGE_CURVE('',#873,#897,#1026,.T.);
#713=EDGE_CURVE('',#897,#898,#1027,.T.);
#714=EDGE_CURVE('',#898,#874,#1028,.F.);
#715=EDGE_CURVE('',#899,#899,#86,.T.);
#716=EDGE_CURVE('',#900,#900,#87,.T.);
#717=EDGE_CURVE('',#901,#901,#88,.T.);
#718=EDGE_CURVE('',#902,#902,#89,.T.);
#719=EDGE_CURVE('',#883,#898,#1029,.T.);
#720=EDGE_CURVE('',#892,#893,#1030,.T.);
#721=EDGE_CURVE('',#903,#904,#1031,.T.);
#722=EDGE_CURVE('',#903,#905,#90,.T.);
#723=EDGE_CURVE('',#906,#905,#1032,.T.);
#724=EDGE_CURVE('',#906,#907,#91,.T.);
#725=EDGE_CURVE('',#907,#908,#1033,.T.);
#726=EDGE_CURVE('',#908,#909,#92,.T.);
#727=EDGE_CURVE('',#909,#910,#1034,.T.);
#728=EDGE_CURVE('',#910,#904,#93,.T.);
#729=EDGE_CURVE('',#911,#912,#1035,.T.);
#730=EDGE_CURVE('',#912,#913,#94,.T.);
#731=EDGE_CURVE('',#913,#914,#1036,.T.);
#732=EDGE_CURVE('',#915,#914,#95,.T.);
#733=EDGE_CURVE('',#915,#916,#1037,.T.);
#734=EDGE_CURVE('',#916,#917,#96,.T.);
#735=EDGE_CURVE('',#917,#918,#1038,.T.);
#736=EDGE_CURVE('',#918,#919,#97,.T.);
#737=EDGE_CURVE('',#919,#920,#1039,.T.);
#738=EDGE_CURVE('',#921,#920,#98,.T.);
#739=EDGE_CURVE('',#921,#922,#1040,.T.);
#740=EDGE_CURVE('',#922,#923,#99,.T.);
#741=EDGE_CURVE('',#923,#924,#1041,.T.);
#742=EDGE_CURVE('',#924,#925,#100,.T.);
#743=EDGE_CURVE('',#925,#926,#1042,.T.);
#744=EDGE_CURVE('',#926,#911,#101,.T.);
#745=EDGE_CURVE('',#865,#903,#1043,.T.);
#746=EDGE_CURVE('',#905,#864,#1044,.T.);
#747=EDGE_CURVE('',#906,#863,#1045,.T.);
#748=EDGE_CURVE('',#866,#904,#1046,.T.);
#749=EDGE_CURVE('',#907,#862,#1047,.T.);
#750=EDGE_CURVE('',#859,#910,#1048,.T.);
#751=EDGE_CURVE('',#908,#861,#1049,.T.);
#752=EDGE_CURVE('',#860,#909,#1050,.T.);
#753=EDGE_CURVE('',#913,#852,#1051,.T.);
#754=EDGE_CURVE('',#853,#912,#1052,.T.);
#755=EDGE_CURVE('',#854,#911,#1053,.T.);
#756=EDGE_CURVE('',#914,#851,#1054,.T.);
#757=EDGE_CURVE('',#855,#926,#1055,.T.);
#758=EDGE_CURVE('',#915,#850,#1056,.T.);
#759=EDGE_CURVE('',#856,#925,#1057,.T.);
#760=EDGE_CURVE('',#916,#849,#1058,.T.);
#761=EDGE_CURVE('',#857,#924,#1059,.T.);
#762=EDGE_CURVE('',#917,#848,#1060,.T.);
#763=EDGE_CURVE('',#858,#923,#1061,.T.);
#764=EDGE_CURVE('',#918,#847,#1062,.T.);
#765=EDGE_CURVE('',#843,#922,#1063,.T.);
#766=EDGE_CURVE('',#919,#846,#1064,.T.);
#767=EDGE_CURVE('',#844,#921,#1065,.T.);
#768=EDGE_CURVE('',#920,#845,#1066,.T.);
#769=EDGE_CURVE('',#927,#927,#102,.T.);
#770=EDGE_CURVE('',#928,#928,#103,.T.);
#771=EDGE_CURVE('',#929,#929,#104,.T.);
#772=EDGE_CURVE('',#930,#930,#105,.T.);
#773=VERTEX_POINT('',#2299);
#774=VERTEX_POINT('',#2300);
#775=VERTEX_POINT('',#2302);
#776=VERTEX_POINT('',#2304);
#777=VERTEX_POINT('',#2308);
#778=VERTEX_POINT('',#2310);
#779=VERTEX_POINT('',#2314);
#780=VERTEX_POINT('',#2316);
#781=VERTEX_POINT('',#2320);
#782=VERTEX_POINT('',#2321);
#783=VERTEX_POINT('',#2323);
#784=VERTEX_POINT('',#2325);
#785=VERTEX_POINT('',#2329);
#786=VERTEX_POINT('',#2331);
#787=VERTEX_POINT('',#2335);
#788=VERTEX_POINT('',#2337);
#789=VERTEX_POINT('',#2341);
#790=VERTEX_POINT('',#2342);
#791=VERTEX_POINT('',#2344);
#792=VERTEX_POINT('',#2346);
#793=VERTEX_POINT('',#2350);
#794=VERTEX_POINT('',#2352);
#795=VERTEX_POINT('',#2356);
#796=VERTEX_POINT('',#2358);
#797=VERTEX_POINT('',#2362);
#798=VERTEX_POINT('',#2363);
#799=VERTEX_POINT('',#2365);
#800=VERTEX_POINT('',#2367);
#801=VERTEX_POINT('',#2371);
#802=VERTEX_POINT('',#2373);
#803=VERTEX_POINT('',#2377);
#804=VERTEX_POINT('',#2379);
#805=VERTEX_POINT('',#2383);
#806=VERTEX_POINT('',#2385);
#807=VERTEX_POINT('',#2388);
#808=VERTEX_POINT('',#2390);
#809=VERTEX_POINT('',#2393);
#810=VERTEX_POINT('',#2395);
#811=VERTEX_POINT('',#2398);
#812=VERTEX_POINT('',#2400);
#813=VERTEX_POINT('',#2403);
#814=VERTEX_POINT('',#2405);
#815=VERTEX_POINT('',#2408);
#816=VERTEX_POINT('',#2410);
#817=VERTEX_POINT('',#2413);
#818=VERTEX_POINT('',#2415);
#819=VERTEX_POINT('',#2418);
#820=VERTEX_POINT('',#2420);
#821=VERTEX_POINT('',#2423);
#822=VERTEX_POINT('',#2425);
#823=VERTEX_POINT('',#2428);
#824=VERTEX_POINT('',#2430);
#825=VERTEX_POINT('',#2433);
#826=VERTEX_POINT('',#2435);
#827=VERTEX_POINT('',#2438);
#828=VERTEX_POINT('',#2440);
#829=VERTEX_POINT('',#2443);
#830=VERTEX_POINT('',#2445);
#831=VERTEX_POINT('',#2448);
#832=VERTEX_POINT('',#2450);
#833=VERTEX_POINT('',#2453);
#834=VERTEX_POINT('',#2455);
#835=VERTEX_POINT('',#2458);
#836=VERTEX_POINT('',#2460);
#837=VERTEX_POINT('',#2475);
#838=VERTEX_POINT('',#2477);
#839=VERTEX_POINT('',#2480);
#840=VERTEX_POINT('',#2482);
#841=VERTEX_POINT('',#2484);
#842=VERTEX_POINT('',#2486);
#843=VERTEX_POINT('',#2488);
#844=VERTEX_POINT('',#2489);
#845=VERTEX_POINT('',#2491);
#846=VERTEX_POINT('',#2493);
#847=VERTEX_POINT('',#2495);
#848=VERTEX_POINT('',#2497);
#849=VERTEX_POINT('',#2499);
#850=VERTEX_POINT('',#2501);
#851=VERTEX_POINT('',#2503);
#852=VERTEX_POINT('',#2505);
#853=VERTEX_POINT('',#2507);
#854=VERTEX_POINT('',#2509);
#855=VERTEX_POINT('',#2511);
#856=VERTEX_POINT('',#2513);
#857=VERTEX_POINT('',#2515);
#858=VERTEX_POINT('',#2517);
#859=VERTEX_POINT('',#2520);
#860=VERTEX_POINT('',#2521);
#861=VERTEX_POINT('',#2523);
#862=VERTEX_POINT('',#2525);
#863=VERTEX_POINT('',#2527);
#864=VERTEX_POINT('',#2529);
#865=VERTEX_POINT('',#2531);
#866=VERTEX_POINT('',#2533);
#867=VERTEX_POINT('',#2536);
#868=VERTEX_POINT('',#2537);
#869=VERTEX_POINT('',#2539);
#870=VERTEX_POINT('',#2541);
#871=VERTEX_POINT('',#2543);
#872=VERTEX_POINT('',#2545);
#873=VERTEX_POINT('',#2547);
#874=VERTEX_POINT('',#2549);
#875=VERTEX_POINT('',#2551);
#876=VERTEX_POINT('',#2553);
#877=VERTEX_POINT('',#2555);
#878=VERTEX_POINT('',#2557);
#879=VERTEX_POINT('',#2559);
#880=VERTEX_POINT('',#2561);
#881=VERTEX_POINT('',#2563);
#882=VERTEX_POINT('',#2565);
#883=VERTEX_POINT('',#2569);
#884=VERTEX_POINT('',#2571);
#885=VERTEX_POINT('',#2575);
#886=VERTEX_POINT('',#2579);
#887=VERTEX_POINT('',#2583);
#888=VERTEX_POINT('',#2587);
#889=VERTEX_POINT('',#2591);
#890=VERTEX_POINT('',#2595);
#891=VERTEX_POINT('',#2599);
#892=VERTEX_POINT('',#2603);
#893=VERTEX_POINT('',#2607);
#894=VERTEX_POINT('',#2609);
#895=VERTEX_POINT('',#2613);
#896=VERTEX_POINT('',#2617);
#897=VERTEX_POINT('',#2621);
#898=VERTEX_POINT('',#2625);
#899=VERTEX_POINT('',#2629);
#900=VERTEX_POINT('',#2631);
#901=VERTEX_POINT('',#2633);
#902=VERTEX_POINT('',#2635);
#903=VERTEX_POINT('',#2642);
#904=VERTEX_POINT('',#2643);
#905=VERTEX_POINT('',#2645);
#906=VERTEX_POINT('',#2647);
#907=VERTEX_POINT('',#2649);
#908=VERTEX_POINT('',#2651);
#909=VERTEX_POINT('',#2653);
#910=VERTEX_POINT('',#2655);
#911=VERTEX_POINT('',#2659);
#912=VERTEX_POINT('',#2660);
#913=VERTEX_POINT('',#2662);
#914=VERTEX_POINT('',#2664);
#915=VERTEX_POINT('',#2666);
#916=VERTEX_POINT('',#2668);
#917=VERTEX_POINT('',#2670);
#918=VERTEX_POINT('',#2672);
#919=VERTEX_POINT('',#2674);
#920=VERTEX_POINT('',#2676);
#921=VERTEX_POINT('',#2678);
#922=VERTEX_POINT('',#2680);
#923=VERTEX_POINT('',#2682);
#924=VERTEX_POINT('',#2684);
#925=VERTEX_POINT('',#2686);
#926=VERTEX_POINT('',#2688);
#927=VERTEX_POINT('',#2740);
#928=VERTEX_POINT('',#2743);
#929=VERTEX_POINT('',#2746);
#930=VERTEX_POINT('',#2749);
#931=LINE('',#2298,#1067);
#932=LINE('',#2301,#1068);
#933=LINE('',#2303,#1069);
#934=LINE('',#2305,#1070);
#935=LINE('',#2307,#1071);
#936=LINE('',#2309,#1072);
#937=LINE('',#2311,#1073);
#938=LINE('',#2313,#1074);
#939=LINE('',#2315,#1075);
#940=LINE('',#2317,#1076);
#941=LINE('',#2319,#1077);
#942=LINE('',#2322,#1078);
#943=LINE('',#2324,#1079);
#944=LINE('',#2326,#1080);
#945=LINE('',#2328,#1081);
#946=LINE('',#2330,#1082);
#947=LINE('',#2332,#1083);
#948=LINE('',#2334,#1084);
#949=LINE('',#2336,#1085);
#950=LINE('',#2338,#1086);
#951=LINE('',#2340,#1087);
#952=LINE('',#2343,#1088);
#953=LINE('',#2345,#1089);
#954=LINE('',#2347,#1090);
#955=LINE('',#2349,#1091);
#956=LINE('',#2351,#1092);
#957=LINE('',#2353,#1093);
#958=LINE('',#2355,#1094);
#959=LINE('',#2357,#1095);
#960=LINE('',#2359,#1096);
#961=LINE('',#2361,#1097);
#962=LINE('',#2364,#1098);
#963=LINE('',#2366,#1099);
#964=LINE('',#2368,#1100);
#965=LINE('',#2370,#1101);
#966=LINE('',#2372,#1102);
#967=LINE('',#2374,#1103);
#968=LINE('',#2376,#1104);
#969=LINE('',#2378,#1105);
#970=LINE('',#2380,#1106);
#971=LINE('',#2462,#1107);
#972=LINE('',#2463,#1108);
#973=LINE('',#2465,#1109);
#974=LINE('',#2466,#1110);
#975=LINE('',#2468,#1111);
#976=LINE('',#2469,#1112);
#977=LINE('',#2471,#1113);
#978=LINE('',#2472,#1114);
#979=LINE('',#2487,#1115);
#980=LINE('',#2492,#1116);
#981=LINE('',#2496,#1117);
#982=LINE('',#2500,#1118);
#983=LINE('',#2504,#1119);
#984=LINE('',#2508,#1120);
#985=LINE('',#2512,#1121);
#986=LINE('',#2516,#1122);
#987=LINE('',#2519,#1123);
#988=LINE('',#2524,#1124);
#989=LINE('',#2528,#1125);
#990=LINE('',#2532,#1126);
#991=LINE('',#2535,#1127);
#992=LINE('',#2538,#1128);
#993=LINE('',#2540,#1129);
#994=LINE('',#2542,#1130);
#995=LINE('',#2544,#1131);
#996=LINE('',#2546,#1132);
#997=LINE('',#2548,#1133);
#998=LINE('',#2550,#1134);
#999=LINE('',#2552,#1135);
#1000=LINE('',#2556,#1136);
#1001=LINE('',#2560,#1137);
#1002=LINE('',#2564,#1138);
#1003=LINE('',#2568,#1139);
#1004=LINE('',#2570,#1140);
#1005=LINE('',#2572,#1141);
#1006=LINE('',#2576,#1142);
#1007=LINE('',#2578,#1143);
#1008=LINE('',#2580,#1144);
#1009=LINE('',#2584,#1145);
#1010=LINE('',#2586,#1146);
#1011=LINE('',#2588,#1147);
#1012=LINE('',#2592,#1148);
#1013=LINE('',#2594,#1149);
#1014=LINE('',#2596,#1150);
#1015=LINE('',#2600,#1151);
#1016=LINE('',#2602,#1152);
#1017=LINE('',#2604,#1153);
#1018=LINE('',#2606,#1154);
#1019=LINE('',#2608,#1155);
#1020=LINE('',#2610,#1156);
#1021=LINE('',#2612,#1157);
#1022=LINE('',#2614,#1158);
#1023=LINE('',#2616,#1159);
#1024=LINE('',#2618,#1160);
#1025=LINE('',#2620,#1161);
#1026=LINE('',#2622,#1162);
#1027=LINE('',#2624,#1163);
#1028=LINE('',#2626,#1164);
#1029=LINE('',#2636,#1165);
#1030=LINE('',#2637,#1166);
#1031=LINE('',#2641,#1167);
#1032=LINE('',#2646,#1168);
#1033=LINE('',#2650,#1169);
#1034=LINE('',#2654,#1170);
#1035=LINE('',#2658,#1171);
#1036=LINE('',#2663,#1172);
#1037=LINE('',#2667,#1173);
#1038=LINE('',#2671,#1174);
#1039=LINE('',#2675,#1175);
#1040=LINE('',#2679,#1176);
#1041=LINE('',#2683,#1177);
#1042=LINE('',#2687,#1178);
#1043=LINE('',#2691,#1179);
#1044=LINE('',#2692,#1180);
#1045=LINE('',#2694,#1181);
#1046=LINE('',#2696,#1182);
#1047=LINE('',#2698,#1183);
#1048=LINE('',#2700,#1184);
#1049=LINE('',#2702,#1185);
#1050=LINE('',#2704,#1186);
#1051=LINE('',#2707,#1187);
#1052=LINE('',#2708,#1188);
#1053=LINE('',#2710,#1189);
#1054=LINE('',#2712,#1190);
#1055=LINE('',#2714,#1191);
#1056=LINE('',#2716,#1192);
#1057=LINE('',#2718,#1193);
#1058=LINE('',#2720,#1194);
#1059=LINE('',#2722,#1195);
#1060=LINE('',#2724,#1196);
#1061=LINE('',#2726,#1197);
#1062=LINE('',#2728,#1198);
#1063=LINE('',#2730,#1199);
#1064=LINE('',#2732,#1200);
#1065=LINE('',#2734,#1201);
#1066=LINE('',#2736,#1202);
#1067=VECTOR('',#1836,1.);
#1068=VECTOR('',#1837,1.);
#1069=VECTOR('',#1838,1.);
#1070=VECTOR('',#1839,1.);
#1071=VECTOR('',#1842,1.);
#1072=VECTOR('',#1843,1.);
#1073=VECTOR('',#1844,1.);
#1074=VECTOR('',#1847,1.);
#1075=VECTOR('',#1848,1.);
#1076=VECTOR('',#1849,1.);
#1077=VECTOR('',#1852,1.);
#1078=VECTOR('',#1853,1.);
#1079=VECTOR('',#1854,1.);
#1080=VECTOR('',#1855,1.);
#1081=VECTOR('',#1858,1.);
#1082=VECTOR('',#1859,1.);
#1083=VECTOR('',#1860,1.);
#1084=VECTOR('',#1863,1.);
#1085=VECTOR('',#1864,1.);
#1086=VECTOR('',#1865,1.);
#1087=VECTOR('',#1868,1.);
#1088=VECTOR('',#1869,1.);
#1089=VECTOR('',#1870,1.);
#1090=VECTOR('',#1871,1.);
#1091=VECTOR('',#1874,1.);
#1092=VECTOR('',#1875,1.);
#1093=VECTOR('',#1876,1.);
#1094=VECTOR('',#1879,1.);
#1095=VECTOR('',#1880,1.);
#1096=VECTOR('',#1881,1.);
#1097=VECTOR('',#1884,1.);
#1098=VECTOR('',#1885,1.);
#1099=VECTOR('',#1886,1.);
#1100=VECTOR('',#1887,1.);
#1101=VECTOR('',#1890,1.);
#1102=VECTOR('',#1891,1.);
#1103=VECTOR('',#1892,1.);
#1104=VECTOR('',#1895,1.);
#1105=VECTOR('',#1896,1.);
#1106=VECTOR('',#1897,1.);
#1107=VECTOR('',#1996,1.);
#1108=VECTOR('',#1997,1.);
#1109=VECTOR('',#2000,1.);
#1110=VECTOR('',#2001,1.);
#1111=VECTOR('',#2004,1.);
#1112=VECTOR('',#2005,1.);
#1113=VECTOR('',#2008,1.);
#1114=VECTOR('',#2009,1.);
#1115=VECTOR('',#2026,1.);
#1116=VECTOR('',#2029,1.);
#1117=VECTOR('',#2032,1.);
#1118=VECTOR('',#2035,1.);
#1119=VECTOR('',#2038,1.);
#1120=VECTOR('',#2041,1.);
#1121=VECTOR('',#2044,1.);
#1122=VECTOR('',#2047,1.);
#1123=VECTOR('',#2050,1.);
#1124=VECTOR('',#2053,1.);
#1125=VECTOR('',#2056,1.);
#1126=VECTOR('',#2059,1.);
#1127=VECTOR('',#2062,1.);
#1128=VECTOR('',#2063,1.);
#1129=VECTOR('',#2064,1.);
#1130=VECTOR('',#2065,1.);
#1131=VECTOR('',#2066,1.);
#1132=VECTOR('',#2067,1.);
#1133=VECTOR('',#2068,1.);
#1134=VECTOR('',#2069,1.);
#1135=VECTOR('',#2070,1.);
#1136=VECTOR('',#2073,1.);
#1137=VECTOR('',#2076,1.);
#1138=VECTOR('',#2079,1.);
#1139=VECTOR('',#2084,1.);
#1140=VECTOR('',#2085,1.);
#1141=VECTOR('',#2086,1.);
#1142=VECTOR('',#2091,1.);
#1143=VECTOR('',#2094,1.);
#1144=VECTOR('',#2095,1.);
#1145=VECTOR('',#2100,1.);
#1146=VECTOR('',#2103,1.);
#1147=VECTOR('',#2104,1.);
#1148=VECTOR('',#2109,1.);
#1149=VECTOR('',#2112,1.);
#1150=VECTOR('',#2113,1.);
#1151=VECTOR('',#2118,1.);
#1152=VECTOR('',#2121,1.);
#1153=VECTOR('',#2122,1.);
#1154=VECTOR('',#2125,1.);
#1155=VECTOR('',#2126,1.);
#1156=VECTOR('',#2127,1.);
#1157=VECTOR('',#2130,1.);
#1158=VECTOR('',#2131,1.);
#1159=VECTOR('',#2134,1.);
#1160=VECTOR('',#2135,1.);
#1161=VECTOR('',#2138,1.);
#1162=VECTOR('',#2139,1.);
#1163=VECTOR('',#2142,1.);
#1164=VECTOR('',#2143,1.);
#1165=VECTOR('',#2154,1.);
#1166=VECTOR('',#2155,1.);
#1167=VECTOR('',#2162,1.);
#1168=VECTOR('',#2165,1.);
#1169=VECTOR('',#2168,1.);
#1170=VECTOR('',#2171,1.);
#1171=VECTOR('',#2176,1.);
#1172=VECTOR('',#2179,1.);
#1173=VECTOR('',#2182,1.);
#1174=VECTOR('',#2185,1.);
#1175=VECTOR('',#2188,1.);
#1176=VECTOR('',#2191,1.);
#1177=VECTOR('',#2194,1.);
#1178=VECTOR('',#2197,1.);
#1179=VECTOR('',#2202,1.);
#1180=VECTOR('',#2203,1.);
#1181=VECTOR('',#2206,1.);
#1182=VECTOR('',#2209,1.);
#1183=VECTOR('',#2212,1.);
#1184=VECTOR('',#2215,1.);
#1185=VECTOR('',#2218,1.);
#1186=VECTOR('',#2221,1.);
#1187=VECTOR('',#2226,1.);
#1188=VECTOR('',#2227,1.);
#1189=VECTOR('',#2230,1.);
#1190=VECTOR('',#2233,1.);
#1191=VECTOR('',#2236,1.);
#1192=VECTOR('',#2239,1.);
#1193=VECTOR('',#2242,1.);
#1194=VECTOR('',#2245,1.);
#1195=VECTOR('',#2248,1.);
#1196=VECTOR('',#2251,1.);
#1197=VECTOR('',#2254,1.);
#1198=VECTOR('',#2257,1.);
#1199=VECTOR('',#2260,1.);
#1200=VECTOR('',#2263,1.);
#1201=VECTOR('',#2266,1.);
#1202=VECTOR('',#2269,1.);
#1203=EDGE_LOOP('',(#131,#132,#133,#134));
#1204=EDGE_LOOP('',(#135,#136,#137,#138));
#1205=EDGE_LOOP('',(#139,#140,#141,#142));
#1206=EDGE_LOOP('',(#143,#144,#145,#146));
#1207=EDGE_LOOP('',(#147,#148,#149,#150));
#1208=EDGE_LOOP('',(#151,#152,#153,#154));
#1209=EDGE_LOOP('',(#155,#156,#157,#158));
#1210=EDGE_LOOP('',(#159,#160,#161,#162));
#1211=EDGE_LOOP('',(#163,#164,#165,#166));
#1212=EDGE_LOOP('',(#167,#168,#169,#170));
#1213=EDGE_LOOP('',(#171,#172,#173,#174));
#1214=EDGE_LOOP('',(#175,#176,#177,#178));
#1215=EDGE_LOOP('',(#179));
#1216=EDGE_LOOP('',(#180));
#1217=EDGE_LOOP('',(#181));
#1218=EDGE_LOOP('',(#182));
#1219=EDGE_LOOP('',(#183));
#1220=EDGE_LOOP('',(#184));
#1221=EDGE_LOOP('',(#185));
#1222=EDGE_LOOP('',(#186));
#1223=EDGE_LOOP('',(#187));
#1224=EDGE_LOOP('',(#188));
#1225=EDGE_LOOP('',(#189));
#1226=EDGE_LOOP('',(#190));
#1227=EDGE_LOOP('',(#191));
#1228=EDGE_LOOP('',(#192));
#1229=EDGE_LOOP('',(#193));
#1230=EDGE_LOOP('',(#194));
#1231=EDGE_LOOP('',(#195));
#1232=EDGE_LOOP('',(#196));
#1233=EDGE_LOOP('',(#197));
#1234=EDGE_LOOP('',(#198));
#1235=EDGE_LOOP('',(#199));
#1236=EDGE_LOOP('',(#200));
#1237=EDGE_LOOP('',(#201));
#1238=EDGE_LOOP('',(#202));
#1239=EDGE_LOOP('',(#203));
#1240=EDGE_LOOP('',(#204));
#1241=EDGE_LOOP('',(#205));
#1242=EDGE_LOOP('',(#206));
#1243=EDGE_LOOP('',(#207));
#1244=EDGE_LOOP('',(#208));
#1245=EDGE_LOOP('',(#209));
#1246=EDGE_LOOP('',(#210));
#1247=EDGE_LOOP('',(#211,#212,#213,#214));
#1248=EDGE_LOOP('',(#215,#216,#217,#218));
#1249=EDGE_LOOP('',(#219,#220,#221,#222));
#1250=EDGE_LOOP('',(#223,#224,#225,#226));
#1251=EDGE_LOOP('',(#227));
#1252=EDGE_LOOP('',(#228));
#1253=EDGE_LOOP('',(#229));
#1254=EDGE_LOOP('',(#230));
#1255=EDGE_LOOP('',(#231));
#1256=EDGE_LOOP('',(#232));
#1257=EDGE_LOOP('',(#233,#234,#235,#236,#237,#238,#239,#240,#241,#242,#243,
#244,#245,#246,#247,#248));
#1258=EDGE_LOOP('',(#249,#250,#251,#252,#253,#254,#255,#256));
#1259=EDGE_LOOP('',(#257,#258,#259,#260,#261,#262,#263,#264,#265,#266,#267,
#268,#269,#270,#271,#272));
#1260=EDGE_LOOP('',(#273,#274,#275,#276));
#1261=EDGE_LOOP('',(#277,#278,#279,#280));
#1262=EDGE_LOOP('',(#281,#282,#283,#284));
#1263=EDGE_LOOP('',(#285,#286,#287,#288));
#1264=EDGE_LOOP('',(#289,#290,#291,#292));
#1265=EDGE_LOOP('',(#293,#294,#295,#296));
#1266=EDGE_LOOP('',(#297,#298,#299,#300));
#1267=EDGE_LOOP('',(#301,#302,#303,#304));
#1268=EDGE_LOOP('',(#305,#306,#307,#308));
#1269=EDGE_LOOP('',(#309,#310,#311,#312));
#1270=EDGE_LOOP('',(#313,#314,#315,#316));
#1271=EDGE_LOOP('',(#317,#318,#319,#320));
#1272=EDGE_LOOP('',(#321,#322,#323,#324));
#1273=EDGE_LOOP('',(#325,#326,#327,#328));
#1274=EDGE_LOOP('',(#329));
#1275=EDGE_LOOP('',(#330));
#1276=EDGE_LOOP('',(#331));
#1277=EDGE_LOOP('',(#332));
#1278=EDGE_LOOP('',(#333,#334,#335,#336,#337,#338,#339,#340,#341,#342,#343,
#344,#345,#346,#347,#348));
#1279=EDGE_LOOP('',(#349,#350,#351,#352));
#1280=EDGE_LOOP('',(#353,#354,#355,#356));
#1281=EDGE_LOOP('',(#357,#358,#359,#360));
#1282=EDGE_LOOP('',(#361,#362,#363,#364));
#1283=EDGE_LOOP('',(#365));
#1284=EDGE_LOOP('',(#366));
#1285=EDGE_LOOP('',(#367));
#1286=EDGE_LOOP('',(#368));
#1287=EDGE_LOOP('',(#369));
#1288=EDGE_LOOP('',(#370));
#1289=EDGE_LOOP('',(#371));
#1290=EDGE_LOOP('',(#372));
#1291=EDGE_LOOP('',(#373));
#1292=EDGE_LOOP('',(#374));
#1293=EDGE_LOOP('',(#375));
#1294=EDGE_LOOP('',(#376));
#1295=EDGE_LOOP('',(#377));
#1296=EDGE_LOOP('',(#378));
#1297=EDGE_LOOP('',(#379));
#1298=EDGE_LOOP('',(#380));
#1299=EDGE_LOOP('',(#381));
#1300=EDGE_LOOP('',(#382,#383,#384,#385));
#1301=EDGE_LOOP('',(#386,#387,#388,#389));
#1302=EDGE_LOOP('',(#390));
#1303=EDGE_LOOP('',(#391,#392,#393,#394,#395,#396,#397,#398));
#1304=EDGE_LOOP('',(#399,#400,#401,#402));
#1305=EDGE_LOOP('',(#403,#404,#405,#406));
#1306=EDGE_LOOP('',(#407,#408,#409,#410));
#1307=EDGE_LOOP('',(#411,#412,#413,#414));
#1308=EDGE_LOOP('',(#415));
#1309=EDGE_LOOP('',(#416));
#1310=EDGE_LOOP('',(#417));
#1311=EDGE_LOOP('',(#418));
#1312=EDGE_LOOP('',(#419));
#1313=EDGE_LOOP('',(#420));
#1314=EDGE_LOOP('',(#421));
#1315=EDGE_LOOP('',(#422));
#1316=EDGE_LOOP('',(#423));
#1317=EDGE_LOOP('',(#424));
#1318=EDGE_LOOP('',(#425));
#1319=EDGE_LOOP('',(#426));
#1320=EDGE_LOOP('',(#427));
#1321=EDGE_LOOP('',(#428));
#1322=EDGE_LOOP('',(#429));
#1323=EDGE_LOOP('',(#430));
#1324=EDGE_LOOP('',(#431,#432,#433,#434,#435,#436,#437,#438,#439,#440,#441,
#442,#443,#444,#445,#446));
#1325=EDGE_LOOP('',(#447,#448,#449,#450));
#1326=EDGE_LOOP('',(#451,#452,#453,#454));
#1327=EDGE_LOOP('',(#455,#456,#457,#458));
#1328=EDGE_LOOP('',(#459,#460,#461,#462));
#1329=EDGE_LOOP('',(#463,#464,#465,#466));
#1330=EDGE_LOOP('',(#467,#468,#469,#470));
#1331=EDGE_LOOP('',(#471,#472,#473,#474));
#1332=EDGE_LOOP('',(#475,#476,#477,#478));
#1333=EDGE_LOOP('',(#479,#480,#481,#482));
#1334=EDGE_LOOP('',(#483,#484,#485,#486));
#1335=EDGE_LOOP('',(#487,#488,#489,#490));
#1336=EDGE_LOOP('',(#491,#492,#493,#494));
#1337=EDGE_LOOP('',(#495,#496,#497,#498));
#1338=EDGE_LOOP('',(#499,#500,#501,#502));
#1339=EDGE_LOOP('',(#503,#504,#505,#506));
#1340=EDGE_LOOP('',(#507,#508,#509,#510));
#1341=EDGE_LOOP('',(#511,#512,#513,#514));
#1342=EDGE_LOOP('',(#515,#516,#517,#518));
#1343=EDGE_LOOP('',(#519,#520,#521,#522));
#1344=EDGE_LOOP('',(#523,#524,#525,#526));
#1345=EDGE_LOOP('',(#527,#528,#529,#530));
#1346=EDGE_LOOP('',(#531,#532,#533,#534));
#1347=EDGE_LOOP('',(#535,#536,#537,#538));
#1348=EDGE_LOOP('',(#539,#540,#541,#542));
#1349=EDGE_LOOP('',(#543));
#1350=EDGE_LOOP('',(#544));
#1351=EDGE_LOOP('',(#545));
#1352=EDGE_LOOP('',(#546));
#1353=EDGE_LOOP('',(#547));
#1354=EDGE_LOOP('',(#548));
#1355=EDGE_LOOP('',(#549));
#1356=EDGE_LOOP('',(#550));
#1357=EDGE_LOOP('',(#551));
#1358=EDGE_LOOP('',(#552));
#1359=EDGE_LOOP('',(#553));
#1360=EDGE_LOOP('',(#554));
#1361=EDGE_LOOP('',(#555));
#1362=EDGE_LOOP('',(#556));
#1363=EDGE_LOOP('',(#557));
#1364=EDGE_LOOP('',(#558));
#1365=FACE_BOUND('',#1203,.T.);
#1366=FACE_BOUND('',#1204,.T.);
#1367=FACE_BOUND('',#1205,.T.);
#1368=FACE_BOUND('',#1206,.T.);
#1369=FACE_BOUND('',#1207,.T.);
#1370=FACE_BOUND('',#1208,.T.);
#1371=FACE_BOUND('',#1209,.T.);
#1372=FACE_BOUND('',#1210,.T.);
#1373=FACE_BOUND('',#1211,.T.);
#1374=FACE_BOUND('',#1212,.T.);
#1375=FACE_BOUND('',#1213,.T.);
#1376=FACE_BOUND('',#1214,.T.);
#1377=FACE_BOUND('',#1215,.T.);
#1378=FACE_BOUND('',#1216,.T.);
#1379=FACE_BOUND('',#1217,.T.);
#1380=FACE_BOUND('',#1218,.T.);
#1381=FACE_BOUND('',#1219,.T.);
#1382=FACE_BOUND('',#1220,.T.);
#1383=FACE_BOUND('',#1221,.T.);
#1384=FACE_BOUND('',#1222,.T.);
#1385=FACE_BOUND('',#1223,.T.);
#1386=FACE_BOUND('',#1224,.T.);
#1387=FACE_BOUND('',#1225,.T.);
#1388=FACE_BOUND('',#1226,.T.);
#1389=FACE_BOUND('',#1227,.T.);
#1390=FACE_BOUND('',#1228,.T.);
#1391=FACE_BOUND('',#1229,.T.);
#1392=FACE_BOUND('',#1230,.T.);
#1393=FACE_BOUND('',#1231,.T.);
#1394=FACE_BOUND('',#1232,.T.);
#1395=FACE_BOUND('',#1233,.T.);
#1396=FACE_BOUND('',#1234,.T.);
#1397=FACE_BOUND('',#1235,.T.);
#1398=FACE_BOUND('',#1236,.T.);
#1399=FACE_BOUND('',#1237,.T.);
#1400=FACE_BOUND('',#1238,.T.);
#1401=FACE_BOUND('',#1239,.T.);
#1402=FACE_BOUND('',#1240,.T.);
#1403=FACE_BOUND('',#1241,.T.);
#1404=FACE_BOUND('',#1242,.T.);
#1405=FACE_BOUND('',#1243,.T.);
#1406=FACE_BOUND('',#1244,.T.);
#1407=FACE_BOUND('',#1245,.T.);
#1408=FACE_BOUND('',#1246,.T.);
#1409=FACE_BOUND('',#1247,.T.);
#1410=FACE_BOUND('',#1248,.T.);
#1411=FACE_BOUND('',#1249,.T.);
#1412=FACE_BOUND('',#1250,.T.);
#1413=FACE_BOUND('',#1251,.T.);
#1414=FACE_BOUND('',#1252,.T.);
#1415=FACE_BOUND('',#1253,.T.);
#1416=FACE_BOUND('',#1254,.T.);
#1417=FACE_BOUND('',#1255,.T.);
#1418=FACE_BOUND('',#1256,.T.);
#1419=FACE_BOUND('',#1257,.T.);
#1420=FACE_BOUND('',#1258,.T.);
#1421=FACE_BOUND('',#1259,.T.);
#1422=FACE_BOUND('',#1260,.T.);
#1423=FACE_BOUND('',#1261,.T.);
#1424=FACE_BOUND('',#1262,.T.);
#1425=FACE_BOUND('',#1263,.T.);
#1426=FACE_BOUND('',#1264,.T.);
#1427=FACE_BOUND('',#1265,.T.);
#1428=FACE_BOUND('',#1266,.T.);
#1429=FACE_BOUND('',#1267,.T.);
#1430=FACE_BOUND('',#1268,.T.);
#1431=FACE_BOUND('',#1269,.T.);
#1432=FACE_BOUND('',#1270,.T.);
#1433=FACE_BOUND('',#1271,.T.);
#1434=FACE_BOUND('',#1272,.T.);
#1435=FACE_BOUND('',#1273,.T.);
#1436=FACE_BOUND('',#1274,.T.);
#1437=FACE_BOUND('',#1275,.T.);
#1438=FACE_BOUND('',#1276,.T.);
#1439=FACE_BOUND('',#1277,.T.);
#1440=FACE_BOUND('',#1278,.T.);
#1441=FACE_BOUND('',#1279,.T.);
#1442=FACE_BOUND('',#1280,.T.);
#1443=FACE_BOUND('',#1281,.T.);
#1444=FACE_BOUND('',#1282,.T.);
#1445=FACE_BOUND('',#1283,.T.);
#1446=FACE_BOUND('',#1284,.T.);
#1447=FACE_BOUND('',#1285,.T.);
#1448=FACE_BOUND('',#1286,.T.);
#1449=FACE_BOUND('',#1287,.T.);
#1450=FACE_BOUND('',#1288,.T.);
#1451=FACE_BOUND('',#1289,.T.);
#1452=FACE_BOUND('',#1290,.T.);
#1453=FACE_BOUND('',#1291,.T.);
#1454=FACE_BOUND('',#1292,.T.);
#1455=FACE_BOUND('',#1293,.T.);
#1456=FACE_BOUND('',#1294,.T.);
#1457=FACE_BOUND('',#1295,.T.);
#1458=FACE_BOUND('',#1296,.T.);
#1459=FACE_BOUND('',#1297,.T.);
#1460=FACE_BOUND('',#1298,.T.);
#1461=FACE_BOUND('',#1299,.T.);
#1462=FACE_BOUND('',#1300,.T.);
#1463=FACE_BOUND('',#1301,.T.);
#1464=FACE_BOUND('',#1302,.T.);
#1465=FACE_BOUND('',#1303,.T.);
#1466=FACE_BOUND('',#1304,.T.);
#1467=FACE_BOUND('',#1305,.T.);
#1468=FACE_BOUND('',#1306,.T.);
#1469=FACE_BOUND('',#1307,.T.);
#1470=FACE_BOUND('',#1308,.T.);
#1471=FACE_BOUND('',#1309,.T.);
#1472=FACE_BOUND('',#1310,.T.);
#1473=FACE_BOUND('',#1311,.T.);
#1474=FACE_BOUND('',#1312,.T.);
#1475=FACE_BOUND('',#1313,.T.);
#1476=FACE_BOUND('',#1314,.T.);
#1477=FACE_BOUND('',#1315,.T.);
#1478=FACE_BOUND('',#1316,.T.);
#1479=FACE_BOUND('',#1317,.T.);
#1480=FACE_BOUND('',#1318,.T.);
#1481=FACE_BOUND('',#1319,.T.);
#1482=FACE_BOUND('',#1320,.T.);
#1483=FACE_BOUND('',#1321,.T.);
#1484=FACE_BOUND('',#1322,.T.);
#1485=FACE_BOUND('',#1323,.T.);
#1486=FACE_BOUND('',#1324,.T.);
#1487=FACE_BOUND('',#1325,.T.);
#1488=FACE_BOUND('',#1326,.T.);
#1489=FACE_BOUND('',#1327,.T.);
#1490=FACE_BOUND('',#1328,.T.);
#1491=FACE_BOUND('',#1329,.T.);
#1492=FACE_BOUND('',#1330,.T.);
#1493=FACE_BOUND('',#1331,.T.);
#1494=FACE_BOUND('',#1332,.T.);
#1495=FACE_BOUND('',#1333,.T.);
#1496=FACE_BOUND('',#1334,.T.);
#1497=FACE_BOUND('',#1335,.T.);
#1498=FACE_BOUND('',#1336,.T.);
#1499=FACE_BOUND('',#1337,.T.);
#1500=FACE_BOUND('',#1338,.T.);
#1501=FACE_BOUND('',#1339,.T.);
#1502=FACE_BOUND('',#1340,.T.);
#1503=FACE_BOUND('',#1341,.T.);
#1504=FACE_BOUND('',#1342,.T.);
#1505=FACE_BOUND('',#1343,.T.);
#1506=FACE_BOUND('',#1344,.T.);
#1507=FACE_BOUND('',#1345,.T.);
#1508=FACE_BOUND('',#1346,.T.);
#1509=FACE_BOUND('',#1347,.T.);
#1510=FACE_BOUND('',#1348,.T.);
#1511=FACE_BOUND('',#1349,.T.);
#1512=FACE_BOUND('',#1350,.T.);
#1513=FACE_BOUND('',#1351,.T.);
#1514=FACE_BOUND('',#1352,.T.);
#1515=FACE_BOUND('',#1353,.T.);
#1516=FACE_BOUND('',#1354,.T.);
#1517=FACE_BOUND('',#1355,.T.);
#1518=FACE_BOUND('',#1356,.T.);
#1519=FACE_BOUND('',#1357,.T.);
#1520=FACE_BOUND('',#1358,.T.);
#1521=FACE_BOUND('',#1359,.T.);
#1522=FACE_BOUND('',#1360,.T.);
#1523=FACE_BOUND('',#1361,.T.);
#1524=FACE_BOUND('',#1362,.T.);
#1525=FACE_BOUND('',#1363,.T.);
#1526=FACE_BOUND('',#1364,.T.);
#1527=PLANE('',#1669);
#1528=PLANE('',#1670);
#1529=PLANE('',#1671);
#1530=PLANE('',#1672);
#1531=PLANE('',#1673);
#1532=PLANE('',#1674);
#1533=PLANE('',#1675);
#1534=PLANE('',#1676);
#1535=PLANE('',#1677);
#1536=PLANE('',#1678);
#1537=PLANE('',#1679);
#1538=PLANE('',#1680);
#1539=PLANE('',#1729);
#1540=PLANE('',#1730);
#1541=PLANE('',#1731);
#1542=PLANE('',#1732);
#1543=PLANE('',#1736);
#1544=PLANE('',#1757);
#1545=PLANE('',#1760);
#1546=PLANE('',#1763);
#1547=PLANE('',#1766);
#1548=PLANE('',#1769);
#1549=PLANE('',#1770);
#1550=PLANE('',#1771);
#1551=PLANE('',#1772);
#1552=PLANE('',#1773);
#1553=PLANE('',#1774);
#1554=PLANE('',#1775);
#1555=PLANE('',#1780);
#1556=PLANE('',#1781);
#1557=PLANE('',#1782);
#1558=PLANE('',#1787);
#1559=PLANE('',#1797);
#1560=PLANE('',#1798);
#1561=PLANE('',#1801);
#1562=PLANE('',#1802);
#1563=PLANE('',#1805);
#1564=PLANE('',#1806);
#1565=PLANE('',#1809);
#1566=PLANE('',#1810);
#1567=PLANE('',#1813);
#1568=PLANE('',#1814);
#1569=PLANE('',#1817);
#1570=PLANE('',#1818);
#1571=ADVANCED_FACE('',(#1365),#1527,.T.);
#1572=ADVANCED_FACE('',(#1366),#1528,.F.);
#1573=ADVANCED_FACE('',(#1367),#1529,.F.);
#1574=ADVANCED_FACE('',(#1368),#1530,.T.);
#1575=ADVANCED_FACE('',(#1369),#1531,.F.);
#1576=ADVANCED_FACE('',(#1370),#1532,.F.);
#1577=ADVANCED_FACE('',(#1371),#1533,.T.);
#1578=ADVANCED_FACE('',(#1372),#1534,.F.);
#1579=ADVANCED_FACE('',(#1373),#1535,.F.);
#1580=ADVANCED_FACE('',(#1374),#1536,.T.);
#1581=ADVANCED_FACE('',(#1375),#1537,.F.);
#1582=ADVANCED_FACE('',(#1376),#1538,.F.);
#1583=ADVANCED_FACE('',(#1377,#1378),#106,.F.);
#1584=ADVANCED_FACE('',(#1379,#1380),#107,.F.);
#1585=ADVANCED_FACE('',(#1381,#1382),#108,.F.);
#1586=ADVANCED_FACE('',(#1383,#1384),#109,.F.);
#1587=ADVANCED_FACE('',(#1385,#1386),#110,.F.);
#1588=ADVANCED_FACE('',(#1387,#1388),#111,.F.);
#1589=ADVANCED_FACE('',(#1389,#1390),#112,.F.);
#1590=ADVANCED_FACE('',(#1391,#1392),#113,.F.);
#1591=ADVANCED_FACE('',(#1393,#1394),#114,.F.);
#1592=ADVANCED_FACE('',(#1395,#1396),#115,.F.);
#1593=ADVANCED_FACE('',(#1397,#1398),#116,.F.);
#1594=ADVANCED_FACE('',(#1399,#1400),#117,.F.);
#1595=ADVANCED_FACE('',(#1401,#1402),#118,.F.);
#1596=ADVANCED_FACE('',(#1403,#1404),#119,.F.);
#1597=ADVANCED_FACE('',(#1405,#1406),#120,.F.);
#1598=ADVANCED_FACE('',(#1407,#1408),#121,.F.);
#1599=ADVANCED_FACE('',(#1409),#1539,.T.);
#1600=ADVANCED_FACE('',(#1410),#1540,.T.);
#1601=ADVANCED_FACE('',(#1411),#1541,.T.);
#1602=ADVANCED_FACE('',(#1412),#1542,.T.);
#1603=ADVANCED_FACE('',(#1413,#1414),#122,.F.);
#1604=ADVANCED_FACE('',(#1415,#1416,#1417,#1418,#1419,#1420,#1421),#1543,
 .T.);
#1605=ADVANCED_FACE('',(#1422),#1544,.T.);
#1606=ADVANCED_FACE('',(#1423),#123,.T.);
#1607=ADVANCED_FACE('',(#1424),#1545,.T.);
#1608=ADVANCED_FACE('',(#1425),#124,.T.);
#1609=ADVANCED_FACE('',(#1426),#1546,.F.);
#1610=ADVANCED_FACE('',(#1427),#125,.T.);
#1611=ADVANCED_FACE('',(#1428),#1547,.F.);
#1612=ADVANCED_FACE('',(#1429),#126,.T.);
#1613=ADVANCED_FACE('',(#1430),#1548,.T.);
#1614=ADVANCED_FACE('',(#1431),#1549,.F.);
#1615=ADVANCED_FACE('',(#1432),#1550,.F.);
#1616=ADVANCED_FACE('',(#1433),#1551,.T.);
#1617=ADVANCED_FACE('',(#1434),#1552,.T.);
#1618=ADVANCED_FACE('',(#1435),#1553,.F.);
#1619=ADVANCED_FACE('',(#1436,#1437,#1438,#1439,#1440,#1441,#1442,#1443,
#1444,#1445,#1446,#1447,#1448,#1449,#1450,#1451,#1452,#1453,#1454,#1455,
#1456,#1457,#1458,#1459,#1460,#1461),#1554,.F.);
#1620=ADVANCED_FACE('',(#1462),#1555,.F.);
#1621=ADVANCED_FACE('',(#1463),#1556,.T.);
#1622=ADVANCED_FACE('',(#1464,#1465),#1557,.T.);
#1623=ADVANCED_FACE('',(#1466,#1467,#1468,#1469,#1470,#1471,#1472,#1473,
#1474,#1475,#1476,#1477,#1478,#1479,#1480,#1481,#1482,#1483,#1484,#1485,
#1486),#1558,.T.);
#1624=ADVANCED_FACE('',(#1487),#12,.F.);
#1625=ADVANCED_FACE('',(#1488),#1559,.F.);
#1626=ADVANCED_FACE('',(#1489),#1560,.F.);
#1627=ADVANCED_FACE('',(#1490),#13,.F.);
#1628=ADVANCED_FACE('',(#1491),#14,.F.);
#1629=ADVANCED_FACE('',(#1492),#1561,.T.);
#1630=ADVANCED_FACE('',(#1493),#1562,.T.);
#1631=ADVANCED_FACE('',(#1494),#15,.F.);
#1632=ADVANCED_FACE('',(#1495),#16,.F.);
#1633=ADVANCED_FACE('',(#1496),#1563,.T.);
#1634=ADVANCED_FACE('',(#1497),#1564,.T.);
#1635=ADVANCED_FACE('',(#1498),#17,.F.);
#1636=ADVANCED_FACE('',(#1499),#18,.T.);
#1637=ADVANCED_FACE('',(#1500),#1565,.T.);
#1638=ADVANCED_FACE('',(#1501),#1566,.T.);
#1639=ADVANCED_FACE('',(#1502),#19,.F.);
#1640=ADVANCED_FACE('',(#1503),#20,.F.);
#1641=ADVANCED_FACE('',(#1504),#1567,.T.);
#1642=ADVANCED_FACE('',(#1505),#1568,.T.);
#1643=ADVANCED_FACE('',(#1506),#21,.F.);
#1644=ADVANCED_FACE('',(#1507),#22,.F.);
#1645=ADVANCED_FACE('',(#1508),#1569,.T.);
#1646=ADVANCED_FACE('',(#1509),#1570,.T.);
#1647=ADVANCED_FACE('',(#1510),#23,.T.);
#1648=ADVANCED_FACE('',(#1511,#1512),#127,.F.);
#1649=ADVANCED_FACE('',(#1513,#1514),#128,.F.);
#1650=ADVANCED_FACE('',(#1515,#1516),#129,.F.);
#1651=ADVANCED_FACE('',(#1517,#1518),#130,.F.);
#1652=ADVANCED_FACE('',(#1519,#1520),#24,.F.);
#1653=ADVANCED_FACE('',(#1521,#1522),#25,.F.);
#1654=ADVANCED_FACE('',(#1523,#1524),#26,.F.);
#1655=ADVANCED_FACE('',(#1525,#1526),#27,.F.);
#1656=CLOSED_SHELL('',(#1571,#1572,#1573,#1574,#1575,#1576,#1577,#1578,
#1579,#1580,#1581,#1582,#1583,#1584,#1585,#1586,#1587,#1588,#1589,#1590,
#1591,#1592,#1593,#1594,#1595,#1596,#1597,#1598,#1599,#1600,#1601,#1602,
#1603,#1604,#1605,#1606,#1607,#1608,#1609,#1610,#1611,#1612,#1613,#1614,
#1615,#1616,#1617,#1618,#1619,#1620,#1621,#1622,#1623,#1624,#1625,#1626,
#1627,#1628,#1629,#1630,#1631,#1632,#1633,#1634,#1635,#1636,#1637,#1638,
#1639,#1640,#1641,#1642,#1643,#1644,#1645,#1646,#1647,#1648,#1649,#1650,
#1651,#1652,#1653,#1654,#1655));
#1657=STYLED_ITEM('',(#1658),#1665);
#1658=PRESENTATION_STYLE_ASSIGNMENT((#1659));
#1659=SURFACE_STYLE_USAGE(.BOTH.,#1660);
#1660=SURFACE_SIDE_STYLE('',(#1661));
#1661=SURFACE_STYLE_FILL_AREA(#1662);
#1662=FILL_AREA_STYLE('',(#1663));
#1663=FILL_AREA_STYLE_COLOUR('',#1664);
#1664=COLOUR_RGB('',0.647058823529412,0.647058823529412,0.647058823529412);
#1665=MANIFOLD_SOLID_BREP('Top',#1656);
#1666=SHAPE_DEFINITION_REPRESENTATION(#2760,#1667);
#1667=SHAPE_REPRESENTATION('Top',(#1668),#2755);
#1668=AXIS2_PLACEMENT_3D('',#2296,#1832,#1833);
#1669=AXIS2_PLACEMENT_3D('',#2297,#1834,#1835);
#1670=AXIS2_PLACEMENT_3D('',#2306,#1840,#1841);
#1671=AXIS2_PLACEMENT_3D('',#2312,#1845,#1846);
#1672=AXIS2_PLACEMENT_3D('',#2318,#1850,#1851);
#1673=AXIS2_PLACEMENT_3D('',#2327,#1856,#1857);
#1674=AXIS2_PLACEMENT_3D('',#2333,#1861,#1862);
#1675=AXIS2_PLACEMENT_3D('',#2339,#1866,#1867);
#1676=AXIS2_PLACEMENT_3D('',#2348,#1872,#1873);
#1677=AXIS2_PLACEMENT_3D('',#2354,#1877,#1878);
#1678=AXIS2_PLACEMENT_3D('',#2360,#1882,#1883);
#1679=AXIS2_PLACEMENT_3D('',#2369,#1888,#1889);
#1680=AXIS2_PLACEMENT_3D('',#2375,#1893,#1894);
#1681=AXIS2_PLACEMENT_3D('',#2381,#1898,#1899);
#1682=AXIS2_PLACEMENT_3D('',#2382,#1900,#1901);
#1683=AXIS2_PLACEMENT_3D('',#2384,#1902,#1903);
#1684=AXIS2_PLACEMENT_3D('',#2386,#1904,#1905);
#1685=AXIS2_PLACEMENT_3D('',#2387,#1906,#1907);
#1686=AXIS2_PLACEMENT_3D('',#2389,#1908,#1909);
#1687=AXIS2_PLACEMENT_3D('',#2391,#1910,#1911);
#1688=AXIS2_PLACEMENT_3D('',#2392,#1912,#1913);
#1689=AXIS2_PLACEMENT_3D('',#2394,#1914,#1915);
#1690=AXIS2_PLACEMENT_3D('',#2396,#1916,#1917);
#1691=AXIS2_PLACEMENT_3D('',#2397,#1918,#1919);
#1692=AXIS2_PLACEMENT_3D('',#2399,#1920,#1921);
#1693=AXIS2_PLACEMENT_3D('',#2401,#1922,#1923);
#1694=AXIS2_PLACEMENT_3D('',#2402,#1924,#1925);
#1695=AXIS2_PLACEMENT_3D('',#2404,#1926,#1927);
#1696=AXIS2_PLACEMENT_3D('',#2406,#1928,#1929);
#1697=AXIS2_PLACEMENT_3D('',#2407,#1930,#1931);
#1698=AXIS2_PLACEMENT_3D('',#2409,#1932,#1933);
#1699=AXIS2_PLACEMENT_3D('',#2411,#1934,#1935);
#1700=AXIS2_PLACEMENT_3D('',#2412,#1936,#1937);
#1701=AXIS2_PLACEMENT_3D('',#2414,#1938,#1939);
#1702=AXIS2_PLACEMENT_3D('',#2416,#1940,#1941);
#1703=AXIS2_PLACEMENT_3D('',#2417,#1942,#1943);
#1704=AXIS2_PLACEMENT_3D('',#2419,#1944,#1945);
#1705=AXIS2_PLACEMENT_3D('',#2421,#1946,#1947);
#1706=AXIS2_PLACEMENT_3D('',#2422,#1948,#1949);
#1707=AXIS2_PLACEMENT_3D('',#2424,#1950,#1951);
#1708=AXIS2_PLACEMENT_3D('',#2426,#1952,#1953);
#1709=AXIS2_PLACEMENT_3D('',#2427,#1954,#1955);
#1710=AXIS2_PLACEMENT_3D('',#2429,#1956,#1957);
#1711=AXIS2_PLACEMENT_3D('',#2431,#1958,#1959);
#1712=AXIS2_PLACEMENT_3D('',#2432,#1960,#1961);
#1713=AXIS2_PLACEMENT_3D('',#2434,#1962,#1963);
#1714=AXIS2_PLACEMENT_3D('',#2436,#1964,#1965);
#1715=AXIS2_PLACEMENT_3D('',#2437,#1966,#1967);
#1716=AXIS2_PLACEMENT_3D('',#2439,#1968,#1969);
#1717=AXIS2_PLACEMENT_3D('',#2441,#1970,#1971);
#1718=AXIS2_PLACEMENT_3D('',#2442,#1972,#1973);
#1719=AXIS2_PLACEMENT_3D('',#2444,#1974,#1975);
#1720=AXIS2_PLACEMENT_3D('',#2446,#1976,#1977);
#1721=AXIS2_PLACEMENT_3D('',#2447,#1978,#1979);
#1722=AXIS2_PLACEMENT_3D('',#2449,#1980,#1981);
#1723=AXIS2_PLACEMENT_3D('',#2451,#1982,#1983);
#1724=AXIS2_PLACEMENT_3D('',#2452,#1984,#1985);
#1725=AXIS2_PLACEMENT_3D('',#2454,#1986,#1987);
#1726=AXIS2_PLACEMENT_3D('',#2456,#1988,#1989);
#1727=AXIS2_PLACEMENT_3D('',#2457,#1990,#1991);
#1728=AXIS2_PLACEMENT_3D('',#2459,#1992,#1993);
#1729=AXIS2_PLACEMENT_3D('',#2461,#1994,#1995);
#1730=AXIS2_PLACEMENT_3D('',#2464,#1998,#1999);
#1731=AXIS2_PLACEMENT_3D('',#2467,#2002,#2003);
#1732=AXIS2_PLACEMENT_3D('',#2470,#2006,#2007);
#1733=AXIS2_PLACEMENT_3D('',#2473,#2010,#2011);
#1734=AXIS2_PLACEMENT_3D('',#2474,#2012,#2013);
#1735=AXIS2_PLACEMENT_3D('',#2476,#2014,#2015);
#1736=AXIS2_PLACEMENT_3D('',#2478,#2016,#2017);
#1737=AXIS2_PLACEMENT_3D('',#2479,#2018,#2019);
#1738=AXIS2_PLACEMENT_3D('',#2481,#2020,#2021);
#1739=AXIS2_PLACEMENT_3D('',#2483,#2022,#2023);
#1740=AXIS2_PLACEMENT_3D('',#2485,#2024,#2025);
#1741=AXIS2_PLACEMENT_3D('',#2490,#2027,#2028);
#1742=AXIS2_PLACEMENT_3D('',#2494,#2030,#2031);
#1743=AXIS2_PLACEMENT_3D('',#2498,#2033,#2034);
#1744=AXIS2_PLACEMENT_3D('',#2502,#2036,#2037);
#1745=AXIS2_PLACEMENT_3D('',#2506,#2039,#2040);
#1746=AXIS2_PLACEMENT_3D('',#2510,#2042,#2043);
#1747=AXIS2_PLACEMENT_3D('',#2514,#2045,#2046);
#1748=AXIS2_PLACEMENT_3D('',#2518,#2048,#2049);
#1749=AXIS2_PLACEMENT_3D('',#2522,#2051,#2052);
#1750=AXIS2_PLACEMENT_3D('',#2526,#2054,#2055);
#1751=AXIS2_PLACEMENT_3D('',#2530,#2057,#2058);
#1752=AXIS2_PLACEMENT_3D('',#2534,#2060,#2061);
#1753=AXIS2_PLACEMENT_3D('',#2554,#2071,#2072);
#1754=AXIS2_PLACEMENT_3D('',#2558,#2074,#2075);
#1755=AXIS2_PLACEMENT_3D('',#2562,#2077,#2078);
#1756=AXIS2_PLACEMENT_3D('',#2566,#2080,#2081);
#1757=AXIS2_PLACEMENT_3D('',#2567,#2082,#2083);
#1758=AXIS2_PLACEMENT_3D('',#2573,#2087,#2088);
#1759=AXIS2_PLACEMENT_3D('',#2574,#2089,#2090);
#1760=AXIS2_PLACEMENT_3D('',#2577,#2092,#2093);
#1761=AXIS2_PLACEMENT_3D('',#2581,#2096,#2097);
#1762=AXIS2_PLACEMENT_3D('',#2582,#2098,#2099);
#1763=AXIS2_PLACEMENT_3D('',#2585,#2101,#2102);
#1764=AXIS2_PLACEMENT_3D('',#2589,#2105,#2106);
#1765=AXIS2_PLACEMENT_3D('',#2590,#2107,#2108);
#1766=AXIS2_PLACEMENT_3D('',#2593,#2110,#2111);
#1767=AXIS2_PLACEMENT_3D('',#2597,#2114,#2115);
#1768=AXIS2_PLACEMENT_3D('',#2598,#2116,#2117);
#1769=AXIS2_PLACEMENT_3D('',#2601,#2119,#2120);
#1770=AXIS2_PLACEMENT_3D('',#2605,#2123,#2124);
#1771=AXIS2_PLACEMENT_3D('',#2611,#2128,#2129);
#1772=AXIS2_PLACEMENT_3D('',#2615,#2132,#2133);
#1773=AXIS2_PLACEMENT_3D('',#2619,#2136,#2137);
#1774=AXIS2_PLACEMENT_3D('',#2623,#2140,#2141);
#1775=AXIS2_PLACEMENT_3D('',#2627,#2144,#2145);
#1776=AXIS2_PLACEMENT_3D('',#2628,#2146,#2147);
#1777=AXIS2_PLACEMENT_3D('',#2630,#2148,#2149);
#1778=AXIS2_PLACEMENT_3D('',#2632,#2150,#2151);
#1779=AXIS2_PLACEMENT_3D('',#2634,#2152,#2153);
#1780=AXIS2_PLACEMENT_3D('',#2638,#2156,#2157);
#1781=AXIS2_PLACEMENT_3D('',#2639,#2158,#2159);
#1782=AXIS2_PLACEMENT_3D('',#2640,#2160,#2161);
#1783=AXIS2_PLACEMENT_3D('',#2644,#2163,#2164);
#1784=AXIS2_PLACEMENT_3D('',#2648,#2166,#2167);
#1785=AXIS2_PLACEMENT_3D('',#2652,#2169,#2170);
#1786=AXIS2_PLACEMENT_3D('',#2656,#2172,#2173);
#1787=AXIS2_PLACEMENT_3D('',#2657,#2174,#2175);
#1788=AXIS2_PLACEMENT_3D('',#2661,#2177,#2178);
#1789=AXIS2_PLACEMENT_3D('',#2665,#2180,#2181);
#1790=AXIS2_PLACEMENT_3D('',#2669,#2183,#2184);
#1791=AXIS2_PLACEMENT_3D('',#2673,#2186,#2187);
#1792=AXIS2_PLACEMENT_3D('',#2677,#2189,#2190);
#1793=AXIS2_PLACEMENT_3D('',#2681,#2192,#2193);
#1794=AXIS2_PLACEMENT_3D('',#2685,#2195,#2196);
#1795=AXIS2_PLACEMENT_3D('',#2689,#2198,#2199);
#1796=AXIS2_PLACEMENT_3D('',#2690,#2200,#2201);
#1797=AXIS2_PLACEMENT_3D('',#2693,#2204,#2205);
#1798=AXIS2_PLACEMENT_3D('',#2695,#2207,#2208);
#1799=AXIS2_PLACEMENT_3D('',#2697,#2210,#2211);
#1800=AXIS2_PLACEMENT_3D('',#2699,#2213,#2214);
#1801=AXIS2_PLACEMENT_3D('',#2701,#2216,#2217);
#1802=AXIS2_PLACEMENT_3D('',#2703,#2219,#2220);
#1803=AXIS2_PLACEMENT_3D('',#2705,#2222,#2223);
#1804=AXIS2_PLACEMENT_3D('',#2706,#2224,#2225);
#1805=AXIS2_PLACEMENT_3D('',#2709,#2228,#2229);
#1806=AXIS2_PLACEMENT_3D('',#2711,#2231,#2232);
#1807=AXIS2_PLACEMENT_3D('',#2713,#2234,#2235);
#1808=AXIS2_PLACEMENT_3D('',#2715,#2237,#2238);
#1809=AXIS2_PLACEMENT_3D('',#2717,#2240,#2241);
#1810=AXIS2_PLACEMENT_3D('',#2719,#2243,#2244);
#1811=AXIS2_PLACEMENT_3D('',#2721,#2246,#2247);
#1812=AXIS2_PLACEMENT_3D('',#2723,#2249,#2250);
#1813=AXIS2_PLACEMENT_3D('',#2725,#2252,#2253);
#1814=AXIS2_PLACEMENT_3D('',#2727,#2255,#2256);
#1815=AXIS2_PLACEMENT_3D('',#2729,#2258,#2259);
#1816=AXIS2_PLACEMENT_3D('',#2731,#2261,#2262);
#1817=AXIS2_PLACEMENT_3D('',#2733,#2264,#2265);
#1818=AXIS2_PLACEMENT_3D('',#2735,#2267,#2268);
#1819=AXIS2_PLACEMENT_3D('',#2737,#2270,#2271);
#1820=AXIS2_PLACEMENT_3D('',#2738,#2272,#2273);
#1821=AXIS2_PLACEMENT_3D('',#2739,#2274,#2275);
#1822=AXIS2_PLACEMENT_3D('',#2741,#2276,#2277);
#1823=AXIS2_PLACEMENT_3D('',#2742,#2278,#2279);
#1824=AXIS2_PLACEMENT_3D('',#2744,#2280,#2281);
#1825=AXIS2_PLACEMENT_3D('',#2745,#2282,#2283);
#1826=AXIS2_PLACEMENT_3D('',#2747,#2284,#2285);
#1827=AXIS2_PLACEMENT_3D('',#2748,#2286,#2287);
#1828=AXIS2_PLACEMENT_3D('',#2750,#2288,#2289);
#1829=AXIS2_PLACEMENT_3D('',#2751,#2290,#2291);
#1830=AXIS2_PLACEMENT_3D('',#2752,#2292,#2293);
#1831=AXIS2_PLACEMENT_3D('',#2753,#2294,#2295);
#1832=DIRECTION('',(0.,0.,1.));
#1833=DIRECTION('',(1.,0.,0.));
#1834=DIRECTION('',(1.,0.,0.));
#1835=DIRECTION('',(0.,0.,-1.));
#1836=DIRECTION('',(0.,0.,-1.));
#1837=DIRECTION('',(0.,-1.,0.));
#1838=DIRECTION('',(0.,0.,-1.));
#1839=DIRECTION('',(0.,-1.,0.));
#1840=DIRECTION('',(0.,1.,0.));
#1841=DIRECTION('',(0.,0.,1.));
#1842=DIRECTION('',(1.,0.,0.));
#1843=DIRECTION('',(1.,0.,0.));
#1844=DIRECTION('',(0.,0.,-1.));
#1845=DIRECTION('',(1.,0.,0.));
#1846=DIRECTION('',(0.,0.,-1.));
#1847=DIRECTION('',(0.,-1.,0.));
#1848=DIRECTION('',(0.,-1.,0.));
#1849=DIRECTION('',(0.,0.,-1.));
#1850=DIRECTION('',(1.,-1.89587265134078E-16,0.));
#1851=DIRECTION('',(1.89587265134078E-16,1.,0.));
#1852=DIRECTION('',(0.,0.,-1.));
#1853=DIRECTION('',(-1.89587265134078E-16,-1.,0.));
#1854=DIRECTION('',(0.,0.,-1.));
#1855=DIRECTION('',(-1.89587265134078E-16,-1.,0.));
#1856=DIRECTION('',(0.,1.,0.));
#1857=DIRECTION('',(0.,0.,1.));
#1858=DIRECTION('',(1.,0.,0.));
#1859=DIRECTION('',(1.,0.,0.));
#1860=DIRECTION('',(0.,0.,-1.));
#1861=DIRECTION('',(1.,0.,0.));
#1862=DIRECTION('',(0.,0.,-1.));
#1863=DIRECTION('',(0.,-1.,0.));
#1864=DIRECTION('',(0.,-1.,0.));
#1865=DIRECTION('',(0.,0.,-1.));
#1866=DIRECTION('',(1.,-1.89587265134078E-16,0.));
#1867=DIRECTION('',(1.89587265134078E-16,1.,0.));
#1868=DIRECTION('',(0.,0.,-1.));
#1869=DIRECTION('',(-1.89587265134078E-16,-1.,0.));
#1870=DIRECTION('',(0.,0.,-1.));
#1871=DIRECTION('',(-1.89587265134078E-16,-1.,0.));
#1872=DIRECTION('',(0.,1.,0.));
#1873=DIRECTION('',(0.,0.,1.));
#1874=DIRECTION('',(1.,0.,0.));
#1875=DIRECTION('',(1.,0.,0.));
#1876=DIRECTION('',(0.,0.,-1.));
#1877=DIRECTION('',(1.,-1.89587265134078E-16,0.));
#1878=DIRECTION('',(1.89587265134078E-16,1.,0.));
#1879=DIRECTION('',(-1.89587265134078E-16,-1.,0.));
#1880=DIRECTION('',(-1.89587265134078E-16,-1.,0.));
#1881=DIRECTION('',(0.,0.,-1.));
#1882=DIRECTION('',(1.,-1.89587265134077E-16,0.));
#1883=DIRECTION('',(1.89587265134077E-16,1.,0.));
#1884=DIRECTION('',(0.,0.,-1.));
#1885=DIRECTION('',(-1.89587265134077E-16,-1.,0.));
#1886=DIRECTION('',(0.,0.,-1.));
#1887=DIRECTION('',(-1.89587265134077E-16,-1.,0.));
#1888=DIRECTION('',(0.,1.,0.));
#1889=DIRECTION('',(0.,0.,1.));
#1890=DIRECTION('',(1.,0.,0.));
#1891=DIRECTION('',(1.,0.,0.));
#1892=DIRECTION('',(0.,0.,-1.));
#1893=DIRECTION('',(1.,-1.89587265134077E-16,0.));
#1894=DIRECTION('',(1.89587265134077E-16,1.,0.));
#1895=DIRECTION('',(-1.89587265134077E-16,-1.,0.));
#1896=DIRECTION('',(-1.89587265134077E-16,-1.,0.));
#1897=DIRECTION('',(0.,0.,-1.));
#1898=DIRECTION('',(0.,0.,-1.));
#1899=DIRECTION('',(-1.,0.,0.));
#1900=DIRECTION('',(0.,0.,1.));
#1901=DIRECTION('',(1.,0.,0.));
#1902=DIRECTION('',(0.,0.,1.));
#1903=DIRECTION('',(1.,0.,0.));
#1904=DIRECTION('',(0.,0.,-1.));
#1905=DIRECTION('',(-1.,0.,0.));
#1906=DIRECTION('',(0.,0.,1.));
#1907=DIRECTION('',(1.,0.,0.));
#1908=DIRECTION('',(0.,0.,1.));
#1909=DIRECTION('',(1.,0.,0.));
#1910=DIRECTION('',(0.,0.,-1.));
#1911=DIRECTION('',(-1.,0.,0.));
#1912=DIRECTION('',(0.,0.,1.));
#1913=DIRECTION('',(1.,0.,0.));
#1914=DIRECTION('',(0.,0.,1.));
#1915=DIRECTION('',(1.,0.,0.));
#1916=DIRECTION('',(0.,0.,-1.));
#1917=DIRECTION('',(-1.,0.,0.));
#1918=DIRECTION('',(0.,0.,1.));
#1919=DIRECTION('',(1.,0.,0.));
#1920=DIRECTION('',(0.,0.,1.));
#1921=DIRECTION('',(1.,0.,0.));
#1922=DIRECTION('',(0.,0.,-1.));
#1923=DIRECTION('',(-1.,0.,0.));
#1924=DIRECTION('',(0.,0.,1.));
#1925=DIRECTION('',(1.,0.,0.));
#1926=DIRECTION('',(0.,0.,1.));
#1927=DIRECTION('',(1.,0.,0.));
#1928=DIRECTION('',(0.,0.,-1.));
#1929=DIRECTION('',(-1.,0.,0.));
#1930=DIRECTION('',(0.,0.,1.));
#1931=DIRECTION('',(1.,0.,0.));
#1932=DIRECTION('',(0.,0.,1.));
#1933=DIRECTION('',(1.,0.,0.));
#1934=DIRECTION('',(0.,0.,-1.));
#1935=DIRECTION('',(-1.,0.,0.));
#1936=DIRECTION('',(0.,0.,1.));
#1937=DIRECTION('',(1.,0.,0.));
#1938=DIRECTION('',(0.,0.,1.));
#1939=DIRECTION('',(1.,0.,0.));
#1940=DIRECTION('',(0.,0.,-1.));
#1941=DIRECTION('',(-1.,0.,0.));
#1942=DIRECTION('',(0.,0.,1.));
#1943=DIRECTION('',(1.,0.,0.));
#1944=DIRECTION('',(0.,0.,1.));
#1945=DIRECTION('',(1.,0.,0.));
#1946=DIRECTION('',(0.,0.,-1.));
#1947=DIRECTION('',(-1.,0.,0.));
#1948=DIRECTION('',(0.,0.,1.));
#1949=DIRECTION('',(1.,0.,0.));
#1950=DIRECTION('',(0.,0.,1.));
#1951=DIRECTION('',(1.,0.,0.));
#1952=DIRECTION('',(0.,0.,-1.));
#1953=DIRECTION('',(-1.,0.,0.));
#1954=DIRECTION('',(0.,0.,1.));
#1955=DIRECTION('',(1.,0.,0.));
#1956=DIRECTION('',(0.,0.,1.));
#1957=DIRECTION('',(1.,0.,0.));
#1958=DIRECTION('',(0.,0.,-1.));
#1959=DIRECTION('',(-1.,0.,0.));
#1960=DIRECTION('',(0.,0.,1.));
#1961=DIRECTION('',(1.,0.,0.));
#1962=DIRECTION('',(0.,0.,1.));
#1963=DIRECTION('',(1.,0.,0.));
#1964=DIRECTION('',(0.,0.,-1.));
#1965=DIRECTION('',(-1.,0.,0.));
#1966=DIRECTION('',(0.,0.,1.));
#1967=DIRECTION('',(1.,0.,0.));
#1968=DIRECTION('',(0.,0.,1.));
#1969=DIRECTION('',(1.,0.,0.));
#1970=DIRECTION('',(0.,0.,-1.));
#1971=DIRECTION('',(-1.,0.,0.));
#1972=DIRECTION('',(0.,0.,1.));
#1973=DIRECTION('',(1.,0.,0.));
#1974=DIRECTION('',(0.,0.,1.));
#1975=DIRECTION('',(1.,0.,0.));
#1976=DIRECTION('',(0.,0.,-1.));
#1977=DIRECTION('',(-1.,0.,0.));
#1978=DIRECTION('',(0.,0.,1.));
#1979=DIRECTION('',(1.,0.,0.));
#1980=DIRECTION('',(0.,0.,1.));
#1981=DIRECTION('',(1.,0.,0.));
#1982=DIRECTION('',(0.,0.,-1.));
#1983=DIRECTION('',(-1.,0.,0.));
#1984=DIRECTION('',(0.,0.,1.));
#1985=DIRECTION('',(1.,0.,0.));
#1986=DIRECTION('',(0.,0.,1.));
#1987=DIRECTION('',(1.,0.,0.));
#1988=DIRECTION('',(0.,0.,-1.));
#1989=DIRECTION('',(-1.,0.,0.));
#1990=DIRECTION('',(0.,0.,1.));
#1991=DIRECTION('',(1.,0.,0.));
#1992=DIRECTION('',(0.,0.,1.));
#1993=DIRECTION('',(1.,0.,0.));
#1994=DIRECTION('',(0.,1.,0.));
#1995=DIRECTION('',(0.,0.,1.));
#1996=DIRECTION('',(1.,0.,0.));
#1997=DIRECTION('',(1.,0.,0.));
#1998=DIRECTION('',(0.,1.,0.));
#1999=DIRECTION('',(0.,0.,1.));
#2000=DIRECTION('',(1.,0.,0.));
#2001=DIRECTION('',(1.,0.,0.));
#2002=DIRECTION('',(0.,1.,0.));
#2003=DIRECTION('',(0.,0.,1.));
#2004=DIRECTION('',(1.,0.,0.));
#2005=DIRECTION('',(1.,0.,0.));
#2006=DIRECTION('',(0.,1.,0.));
#2007=DIRECTION('',(0.,0.,1.));
#2008=DIRECTION('',(1.,0.,0.));
#2009=DIRECTION('',(1.,0.,0.));
#2010=DIRECTION('',(0.,0.,-1.));
#2011=DIRECTION('',(-1.,0.,0.));
#2012=DIRECTION('',(0.,0.,1.));
#2013=DIRECTION('',(1.,0.,0.));
#2014=DIRECTION('',(0.,0.,1.));
#2015=DIRECTION('',(1.,0.,0.));
#2016=DIRECTION('',(0.,0.,1.));
#2017=DIRECTION('',(1.,0.,0.));
#2018=DIRECTION('',(0.,0.,1.));
#2019=DIRECTION('',(1.,0.,0.));
#2020=DIRECTION('',(0.,0.,1.));
#2021=DIRECTION('',(1.,0.,0.));
#2022=DIRECTION('',(0.,0.,1.));
#2023=DIRECTION('',(1.,0.,0.));
#2024=DIRECTION('',(0.,0.,1.));
#2025=DIRECTION('',(1.,0.,0.));
#2026=DIRECTION('',(1.,1.22114484431191E-16,0.));
#2027=DIRECTION('',(0.,0.,1.));
#2028=DIRECTION('',(1.,0.,0.));
#2029=DIRECTION('',(0.,1.,0.));
#2030=DIRECTION('',(0.,0.,1.));
#2031=DIRECTION('',(1.,0.,0.));
#2032=DIRECTION('',(1.,8.37626014474557E-17,0.));
#2033=DIRECTION('',(0.,0.,1.));
#2034=DIRECTION('',(1.,0.,0.));
#2035=DIRECTION('',(0.,-1.,0.));
#2036=DIRECTION('',(0.,0.,1.));
#2037=DIRECTION('',(1.,0.,0.));
#2038=DIRECTION('',(1.,1.20867443441568E-16,0.));
#2039=DIRECTION('',(0.,0.,1.));
#2040=DIRECTION('',(1.,0.,0.));
#2041=DIRECTION('',(0.,-1.,0.));
#2042=DIRECTION('',(0.,0.,1.));
#2043=DIRECTION('',(1.,0.,0.));
#2044=DIRECTION('',(-1.,-2.85472870429535E-16,0.));
#2045=DIRECTION('',(0.,0.,1.));
#2046=DIRECTION('',(1.,0.,0.));
#2047=DIRECTION('',(0.,1.,0.));
#2048=DIRECTION('',(0.,0.,1.));
#2049=DIRECTION('',(1.,0.,0.));
#2050=DIRECTION('',(-1.,0.,0.));
#2051=DIRECTION('',(0.,0.,1.));
#2052=DIRECTION('',(1.,0.,0.));
#2053=DIRECTION('',(0.,1.,0.));
#2054=DIRECTION('',(0.,0.,1.));
#2055=DIRECTION('',(1.,0.,0.));
#2056=DIRECTION('',(1.,0.,0.));
#2057=DIRECTION('',(0.,0.,1.));
#2058=DIRECTION('',(1.,0.,0.));
#2059=DIRECTION('',(0.,-1.,0.));
#2060=DIRECTION('',(0.,0.,1.));
#2061=DIRECTION('',(1.,0.,0.));
#2062=DIRECTION('',(1.,0.,0.));
#2063=DIRECTION('',(0.,-1.,0.));
#2064=DIRECTION('',(1.,0.,0.));
#2065=DIRECTION('',(0.,-1.,0.));
#2066=DIRECTION('',(1.,0.,0.));
#2067=DIRECTION('',(0.,-1.,0.));
#2068=DIRECTION('',(1.,0.,0.));
#2069=DIRECTION('',(0.,1.,0.));
#2070=DIRECTION('',(1.,0.,0.));
#2071=DIRECTION('',(0.,0.,1.));
#2072=DIRECTION('',(1.,0.,0.));
#2073=DIRECTION('',(-2.3621766481394E-16,1.,0.));
#2074=DIRECTION('',(0.,0.,1.));
#2075=DIRECTION('',(1.,0.,0.));
#2076=DIRECTION('',(1.,0.,0.));
#2077=DIRECTION('',(0.,0.,1.));
#2078=DIRECTION('',(1.,0.,0.));
#2079=DIRECTION('',(-2.3621766481394E-16,1.,0.));
#2080=DIRECTION('',(0.,0.,1.));
#2081=DIRECTION('',(1.,0.,0.));
#2082=DIRECTION('',(0.,1.,0.));
#2083=DIRECTION('',(0.,0.,1.));
#2084=DIRECTION('',(-0.820126954301183,0.,0.572181596024081));
#2085=DIRECTION('',(1.,0.,0.));
#2086=DIRECTION('',(0.,0.,-1.));
#2087=DIRECTION('',(0.,0.,-1.));
#2088=DIRECTION('',(-1.,0.,0.));
#2089=DIRECTION('',(0.,0.,1.));
#2090=DIRECTION('',(1.,0.,0.));
#2091=DIRECTION('',(0.,0.,-1.));
#2092=DIRECTION('',(-1.,-2.3621766481394E-16,0.));
#2093=DIRECTION('',(2.3621766481394E-16,-1.,0.));
#2094=DIRECTION('',(-2.3621766481394E-16,1.,0.));
#2095=DIRECTION('',(0.,0.,-1.));
#2096=DIRECTION('',(0.,0.,-1.));
#2097=DIRECTION('',(-1.,0.,0.));
#2098=DIRECTION('',(0.,0.,1.));
#2099=DIRECTION('',(1.,0.,0.));
#2100=DIRECTION('',(0.,0.,-1.));
#2101=DIRECTION('',(0.,1.,0.));
#2102=DIRECTION('',(0.,0.,1.));
#2103=DIRECTION('',(1.,0.,0.));
#2104=DIRECTION('',(0.,0.,-1.));
#2105=DIRECTION('',(0.,0.,-1.));
#2106=DIRECTION('',(-1.,0.,0.));
#2107=DIRECTION('',(0.,0.,1.));
#2108=DIRECTION('',(1.,0.,0.));
#2109=DIRECTION('',(0.,0.,-1.));
#2110=DIRECTION('',(-1.,-2.3621766481394E-16,0.));
#2111=DIRECTION('',(2.3621766481394E-16,-1.,0.));
#2112=DIRECTION('',(-2.3621766481394E-16,1.,0.));
#2113=DIRECTION('',(0.,0.,-1.));
#2114=DIRECTION('',(0.,0.,-1.));
#2115=DIRECTION('',(-1.,0.,0.));
#2116=DIRECTION('',(0.,0.,1.));
#2117=DIRECTION('',(1.,0.,0.));
#2118=DIRECTION('',(0.,0.,-1.));
#2119=DIRECTION('',(0.,1.,0.));
#2120=DIRECTION('',(0.,0.,1.));
#2121=DIRECTION('',(1.,0.,0.));
#2122=DIRECTION('',(0.820126954301183,0.,0.572181596024081));
#2123=DIRECTION('',(0.,1.,0.));
#2124=DIRECTION('',(0.,0.,1.));
#2125=DIRECTION('',(-0.820126954301183,0.,-0.572181596024081));
#2126=DIRECTION('',(1.,0.,0.));
#2127=DIRECTION('',(0.,0.,-1.));
#2128=DIRECTION('',(1.,0.,0.));
#2129=DIRECTION('',(0.,0.,-1.));
#2130=DIRECTION('',(0.,-1.,0.));
#2131=DIRECTION('',(0.,0.,-1.));
#2132=DIRECTION('',(0.,1.,0.));
#2133=DIRECTION('',(0.,0.,1.));
#2134=DIRECTION('',(1.,0.,0.));
#2135=DIRECTION('',(0.,0.,-1.));
#2136=DIRECTION('',(1.,0.,0.));
#2137=DIRECTION('',(0.,0.,-1.));
#2138=DIRECTION('',(0.,-1.,0.));
#2139=DIRECTION('',(0.,0.,-1.));
#2140=DIRECTION('',(0.,1.,0.));
#2141=DIRECTION('',(0.,0.,1.));
#2142=DIRECTION('',(1.,0.,0.));
#2143=DIRECTION('',(0.820126954301183,0.,-0.572181596024081));
#2144=DIRECTION('',(0.,0.,1.));
#2145=DIRECTION('',(1.,0.,0.));
#2146=DIRECTION('',(0.,0.,1.));
#2147=DIRECTION('',(1.,0.,0.));
#2148=DIRECTION('',(0.,0.,1.));
#2149=DIRECTION('',(1.,0.,0.));
#2150=DIRECTION('',(0.,0.,1.));
#2151=DIRECTION('',(1.,0.,0.));
#2152=DIRECTION('',(0.,0.,1.));
#2153=DIRECTION('',(1.,0.,0.));
#2154=DIRECTION('',(0.,-1.,0.));
#2155=DIRECTION('',(0.,-1.,0.));
#2156=DIRECTION('',(-0.572181596024081,0.,-0.820126954301183));
#2157=DIRECTION('',(0.,-1.,0.));
#2158=DIRECTION('',(-0.572181596024081,0.,0.820126954301183));
#2159=DIRECTION('',(0.,1.,0.));
#2160=DIRECTION('',(0.,0.,1.));
#2161=DIRECTION('',(1.,0.,0.));
#2162=DIRECTION('',(0.,-1.,0.));
#2163=DIRECTION('',(0.,0.,1.));
#2164=DIRECTION('',(1.,0.,0.));
#2165=DIRECTION('',(1.,0.,0.));
#2166=DIRECTION('',(0.,0.,1.));
#2167=DIRECTION('',(1.,0.,0.));
#2168=DIRECTION('',(0.,-1.,0.));
#2169=DIRECTION('',(0.,0.,1.));
#2170=DIRECTION('',(1.,0.,0.));
#2171=DIRECTION('',(1.,0.,0.));
#2172=DIRECTION('',(0.,0.,1.));
#2173=DIRECTION('',(1.,0.,0.));
#2174=DIRECTION('',(0.,0.,1.));
#2175=DIRECTION('',(1.,0.,0.));
#2176=DIRECTION('',(0.,1.,0.));
#2177=DIRECTION('',(0.,0.,1.));
#2178=DIRECTION('',(1.,0.,0.));
#2179=DIRECTION('',(-1.,-1.20867443441568E-16,0.));
#2180=DIRECTION('',(0.,0.,1.));
#2181=DIRECTION('',(1.,0.,0.));
#2182=DIRECTION('',(0.,1.,0.));
#2183=DIRECTION('',(0.,0.,1.));
#2184=DIRECTION('',(1.,0.,0.));
#2185=DIRECTION('',(-1.,-8.37626014474557E-17,0.));
#2186=DIRECTION('',(0.,0.,1.));
#2187=DIRECTION('',(1.,0.,0.));
#2188=DIRECTION('',(0.,-1.,0.));
#2189=DIRECTION('',(0.,0.,1.));
#2190=DIRECTION('',(1.,0.,0.));
#2191=DIRECTION('',(-1.,-1.22114484431191E-16,0.));
#2192=DIRECTION('',(0.,0.,1.));
#2193=DIRECTION('',(1.,0.,0.));
#2194=DIRECTION('',(0.,-1.,0.));
#2195=DIRECTION('',(0.,0.,1.));
#2196=DIRECTION('',(1.,0.,0.));
#2197=DIRECTION('',(1.,2.85472870429535E-16,0.));
#2198=DIRECTION('',(0.,0.,1.));
#2199=DIRECTION('',(1.,0.,0.));
#2200=DIRECTION('',(0.,0.,1.));
#2201=DIRECTION('',(1.,0.,0.));
#2202=DIRECTION('',(-0.832050294337844,0.,-0.554700196225229));
#2203=DIRECTION('',(0.,0.832050294337845,0.554700196225227));
#2204=DIRECTION('',(0.,0.554700196225229,-0.832050294337844));
#2205=DIRECTION('',(1.,0.,0.));
#2206=DIRECTION('',(0.,0.832050294337844,0.554700196225229));
#2207=DIRECTION('',(0.554700196225229,0.,-0.832050294337844));
#2208=DIRECTION('',(0.,-1.,0.));
#2209=DIRECTION('',(-0.832050294337844,0.,-0.554700196225229));
#2210=DIRECTION('',(0.,0.,1.));
#2211=DIRECTION('',(1.,0.,0.));
#2212=DIRECTION('',(-0.832050294337844,0.,0.554700196225229));
#2213=DIRECTION('',(0.,0.,1.));
#2214=DIRECTION('',(1.,0.,0.));
#2215=DIRECTION('',(0.,0.832050294337844,-0.554700196225229));
#2216=DIRECTION('',(0.554700196225229,0.,0.832050294337844));
#2217=DIRECTION('',(0.,1.,0.));
#2218=DIRECTION('',(-0.832050294337844,0.,0.554700196225229));
#2219=DIRECTION('',(0.,0.554700196225229,0.832050294337844));
#2220=DIRECTION('',(-1.,0.,0.));
#2221=DIRECTION('',(0.,0.832050294337844,-0.554700196225229));
#2222=DIRECTION('',(0.,0.,1.));
#2223=DIRECTION('',(1.,0.,0.));
#2224=DIRECTION('',(0.,0.,1.));
#2225=DIRECTION('',(1.,0.,0.));
#2226=DIRECTION('',(0.,0.832050294337844,0.554700196225229));
#2227=DIRECTION('',(-0.832050294337844,4.81125726260423E-16,-0.554700196225229));
#2228=DIRECTION('',(-0.554700196225229,0.,0.832050294337844));
#2229=DIRECTION('',(0.,-1.,0.));
#2230=DIRECTION('',(-0.832050294337844,0.,-0.554700196225229));
#2231=DIRECTION('',(6.70451945942797E-17,-0.55470019622523,0.832050294337843));
#2232=DIRECTION('',(1.,1.20867443441568E-16,0.));
#2233=DIRECTION('',(0.,0.832050294337843,0.55470019622523));
#2234=DIRECTION('',(0.,0.,1.));
#2235=DIRECTION('',(1.,0.,0.));
#2236=DIRECTION('',(0.,0.832050294337844,-0.554700196225229));
#2237=DIRECTION('',(0.,0.,-1.));
#2238=DIRECTION('',(-1.,0.,0.));
#2239=DIRECTION('',(0.832050294337844,0.,0.554700196225229));
#2240=DIRECTION('',(-1.58351857244242E-16,0.554700196225229,0.832050294337844));
#2241=DIRECTION('',(-1.,-2.85472870429535E-16,0.));
#2242=DIRECTION('',(0.,0.832050294337844,-0.554700196225229));
#2243=DIRECTION('',(-0.554700196225229,0.,0.832050294337844));
#2244=DIRECTION('',(0.,-1.,0.));
#2245=DIRECTION('',(0.832050294337844,0.,0.554700196225229));
#2246=DIRECTION('',(0.,0.,1.));
#2247=DIRECTION('',(1.,0.,0.));
#2248=DIRECTION('',(0.832050294337844,0.,-0.554700196225229));
#2249=DIRECTION('',(0.,0.,1.));
#2250=DIRECTION('',(1.,0.,0.));
#2251=DIRECTION('',(0.,0.832050294337844,0.554700196225229));
#2252=DIRECTION('',(0.554700196225229,0.,0.832050294337844));
#2253=DIRECTION('',(0.,1.,0.));
#2254=DIRECTION('',(0.832050294337844,0.,-0.554700196225229));
#2255=DIRECTION('',(4.64631314592394E-17,-0.554700196225229,0.832050294337844));
#2256=DIRECTION('',(1.,8.37626014474557E-17,0.));
#2257=DIRECTION('',(0.,0.832050294337844,0.554700196225229));
#2258=DIRECTION('',(0.,0.,1.));
#2259=DIRECTION('',(1.,0.,0.));
#2260=DIRECTION('',(0.,-0.832050294337844,-0.554700196225229));
#2261=DIRECTION('',(0.,0.,1.));
#2262=DIRECTION('',(1.,0.,0.));
#2263=DIRECTION('',(-0.832050294337844,0.,0.554700196225229));
#2264=DIRECTION('',(6.77369284759245E-17,-0.55470019622523,0.832050294337843));
#2265=DIRECTION('',(1.,1.22114484431191E-16,0.));
#2266=DIRECTION('',(0.,-0.832050294337843,-0.55470019622523));
#2267=DIRECTION('',(0.554700196225229,0.,0.832050294337844));
#2268=DIRECTION('',(0.,1.,0.));
#2269=DIRECTION('',(-0.832050294337844,0.,0.554700196225229));
#2270=DIRECTION('',(0.,0.,-1.));
#2271=DIRECTION('',(-1.,0.,0.));
#2272=DIRECTION('',(0.,0.,1.));
#2273=DIRECTION('',(1.,0.,0.));
#2274=DIRECTION('',(0.,0.,1.));
#2275=DIRECTION('',(1.,0.,0.));
#2276=DIRECTION('',(0.,0.,1.));
#2277=DIRECTION('',(1.,0.,0.));
#2278=DIRECTION('',(0.,0.,1.));
#2279=DIRECTION('',(1.,0.,0.));
#2280=DIRECTION('',(0.,0.,1.));
#2281=DIRECTION('',(1.,0.,0.));
#2282=DIRECTION('',(0.,0.,1.));
#2283=DIRECTION('',(1.,0.,0.));
#2284=DIRECTION('',(0.,0.,1.));
#2285=DIRECTION('',(1.,0.,0.));
#2286=DIRECTION('',(0.,0.,1.));
#2287=DIRECTION('',(1.,0.,0.));
#2288=DIRECTION('',(0.,0.,1.));
#2289=DIRECTION('',(1.,0.,0.));
#2290=DIRECTION('',(0.,0.,1.));
#2291=DIRECTION('',(1.,0.,0.));
#2292=DIRECTION('',(0.,0.,1.));
#2293=DIRECTION('',(1.,0.,0.));
#2294=DIRECTION('',(0.,0.,1.));
#2295=DIRECTION('',(1.,0.,0.));
#2296=CARTESIAN_POINT('',(0.,0.,0.));
#2297=CARTESIAN_POINT('',(0.04679,-0.04082,0.018));
#2298=CARTESIAN_POINT('',(0.04679,-0.03167,0.018));
#2299=CARTESIAN_POINT('',(0.04679,-0.03167,0.017));
#2300=CARTESIAN_POINT('',(0.04679,-0.03167,0.015));
#2301=CARTESIAN_POINT('',(0.04679,-0.04082,0.017));
#2302=CARTESIAN_POINT('',(0.04679,-0.04997,0.017));
#2303=CARTESIAN_POINT('',(0.04679,-0.04997,0.018));
#2304=CARTESIAN_POINT('',(0.04679,-0.04997,0.015));
#2305=CARTESIAN_POINT('',(0.04679,-0.04082,0.015));
#2306=CARTESIAN_POINT('',(0.05594,-0.03167,0.018));
#2307=CARTESIAN_POINT('',(0.05594,-0.03167,0.017));
#2308=CARTESIAN_POINT('',(0.06509,-0.03167,0.017));
#2309=CARTESIAN_POINT('',(0.05594,-0.03167,0.015));
#2310=CARTESIAN_POINT('',(0.06509,-0.03167,0.015));
#2311=CARTESIAN_POINT('',(0.06509,-0.03167,0.018));
#2312=CARTESIAN_POINT('',(0.06509,-0.04082,0.018));
#2313=CARTESIAN_POINT('',(0.06509,-0.04082,0.017));
#2314=CARTESIAN_POINT('',(0.06509,-0.04997,0.017));
#2315=CARTESIAN_POINT('',(0.06509,-0.04082,0.015));
#2316=CARTESIAN_POINT('',(0.06509,-0.04997,0.015));
#2317=CARTESIAN_POINT('',(0.06509,-0.04997,0.018));
#2318=CARTESIAN_POINT('',(0.02079,-0.04082,0.018));
#2319=CARTESIAN_POINT('',(0.02079,-0.03167,0.018));
#2320=CARTESIAN_POINT('',(0.02079,-0.03167,0.017));
#2321=CARTESIAN_POINT('',(0.02079,-0.03167,0.015));
#2322=CARTESIAN_POINT('',(0.02079,-0.04082,0.017));
#2323=CARTESIAN_POINT('',(0.02079,-0.04997,0.017));
#2324=CARTESIAN_POINT('',(0.02079,-0.04997,0.018));
#2325=CARTESIAN_POINT('',(0.02079,-0.04997,0.015));
#2326=CARTESIAN_POINT('',(0.02079,-0.04082,0.015));
#2327=CARTESIAN_POINT('',(0.02994,-0.03167,0.018));
#2328=CARTESIAN_POINT('',(0.02994,-0.03167,0.017));
#2329=CARTESIAN_POINT('',(0.03909,-0.03167,0.017));
#2330=CARTESIAN_POINT('',(0.02994,-0.03167,0.015));
#2331=CARTESIAN_POINT('',(0.03909,-0.03167,0.015));
#2332=CARTESIAN_POINT('',(0.03909,-0.03167,0.018));
#2333=CARTESIAN_POINT('',(0.03909,-0.04082,0.018));
#2334=CARTESIAN_POINT('',(0.03909,-0.04082,0.017));
#2335=CARTESIAN_POINT('',(0.03909,-0.04997,0.017));
#2336=CARTESIAN_POINT('',(0.03909,-0.04082,0.015));
#2337=CARTESIAN_POINT('',(0.03909,-0.04997,0.015));
#2338=CARTESIAN_POINT('',(0.03909,-0.04997,0.018));
#2339=CARTESIAN_POINT('',(-0.00517,-0.0409,0.018));
#2340=CARTESIAN_POINT('',(-0.00517,-0.03175,0.018));
#2341=CARTESIAN_POINT('',(-0.00517,-0.03175,0.017));
#2342=CARTESIAN_POINT('',(-0.00517,-0.03175,0.015));
#2343=CARTESIAN_POINT('',(-0.00517,-0.0409,0.017));
#2344=CARTESIAN_POINT('',(-0.00517,-0.05005,0.017));
#2345=CARTESIAN_POINT('',(-0.00517,-0.05005,0.018));
#2346=CARTESIAN_POINT('',(-0.00517,-0.05005,0.015));
#2347=CARTESIAN_POINT('',(-0.00517,-0.0409,0.015));
#2348=CARTESIAN_POINT('',(0.00398,-0.03175,0.018));
#2349=CARTESIAN_POINT('',(0.00398,-0.03175,0.017));
#2350=CARTESIAN_POINT('',(0.01313,-0.03175,0.017));
#2351=CARTESIAN_POINT('',(0.00398,-0.03175,0.015));
#2352=CARTESIAN_POINT('',(0.01313,-0.03175,0.015));
#2353=CARTESIAN_POINT('',(0.01313,-0.03175,0.018));
#2354=CARTESIAN_POINT('',(0.01313,-0.0409,0.018));
#2355=CARTESIAN_POINT('',(0.01313,-0.0409,0.017));
#2356=CARTESIAN_POINT('',(0.01313,-0.05005,0.017));
#2357=CARTESIAN_POINT('',(0.01313,-0.0409,0.015));
#2358=CARTESIAN_POINT('',(0.01313,-0.05005,0.015));
#2359=CARTESIAN_POINT('',(0.01313,-0.05005,0.018));
#2360=CARTESIAN_POINT('',(-0.03063,-0.04082,0.018));
#2361=CARTESIAN_POINT('',(-0.03063,-0.03167,0.018));
#2362=CARTESIAN_POINT('',(-0.03063,-0.03167,0.017));
#2363=CARTESIAN_POINT('',(-0.03063,-0.03167,0.015));
#2364=CARTESIAN_POINT('',(-0.03063,-0.04082,0.017));
#2365=CARTESIAN_POINT('',(-0.03063,-0.04997,0.017));
#2366=CARTESIAN_POINT('',(-0.03063,-0.04997,0.018));
#2367=CARTESIAN_POINT('',(-0.03063,-0.04997,0.015));
#2368=CARTESIAN_POINT('',(-0.03063,-0.04082,0.015));
#2369=CARTESIAN_POINT('',(-0.02148,-0.03167,0.018));
#2370=CARTESIAN_POINT('',(-0.02148,-0.03167,0.017));
#2371=CARTESIAN_POINT('',(-0.01233,-0.03167,0.017));
#2372=CARTESIAN_POINT('',(-0.02148,-0.03167,0.015));
#2373=CARTESIAN_POINT('',(-0.01233,-0.03167,0.015));
#2374=CARTESIAN_POINT('',(-0.01233,-0.03167,0.018));
#2375=CARTESIAN_POINT('',(-0.01233,-0.04082,0.018));
#2376=CARTESIAN_POINT('',(-0.01233,-0.04082,0.017));
#2377=CARTESIAN_POINT('',(-0.01233,-0.04997,0.017));
#2378=CARTESIAN_POINT('',(-0.01233,-0.04082,0.015));
#2379=CARTESIAN_POINT('',(-0.01233,-0.04997,0.015));
#2380=CARTESIAN_POINT('',(-0.01233,-0.04997,0.018));
#2381=CARTESIAN_POINT('',(0.03275,-0.00915,0.018));
#2382=CARTESIAN_POINT('',(0.03275,-0.00915,0.015));
#2383=CARTESIAN_POINT('',(0.03435,-0.00915,0.015));
#2384=CARTESIAN_POINT('',(0.03275,-0.00915,0.017));
#2385=CARTESIAN_POINT('',(0.03435,-0.00915,0.017));
#2386=CARTESIAN_POINT('',(0.01975,-0.00915,0.018));
#2387=CARTESIAN_POINT('',(0.01975,-0.00915,0.015));
#2388=CARTESIAN_POINT('',(0.02135,-0.00915,0.015));
#2389=CARTESIAN_POINT('',(0.01975,-0.00915,0.017));
#2390=CARTESIAN_POINT('',(0.02135,-0.00915,0.017));
#2391=CARTESIAN_POINT('',(0.052,0.0467688613094433,0.018));
#2392=CARTESIAN_POINT('',(0.052,0.0467688613094433,0.015));
#2393=CARTESIAN_POINT('',(0.05575,0.0467688613094433,0.015));
#2394=CARTESIAN_POINT('',(0.052,0.0467688613094433,0.017));
#2395=CARTESIAN_POINT('',(0.05575,0.0467688613094433,0.017));
#2396=CARTESIAN_POINT('',(0.0049,-0.00781527793652027,0.018));
#2397=CARTESIAN_POINT('',(0.0049,-0.00781527793652027,0.015));
#2398=CARTESIAN_POINT('',(0.00865,-0.00781527793652027,0.015));
#2399=CARTESIAN_POINT('',(0.0049,-0.00781527793652027,0.017));
#2400=CARTESIAN_POINT('',(0.00865,-0.00781527793652027,0.017));
#2401=CARTESIAN_POINT('',(0.0049,0.013082708367405,0.018));
#2402=CARTESIAN_POINT('',(0.0049,0.013082708367405,0.015));
#2403=CARTESIAN_POINT('',(0.00865,0.013082708367405,0.015));
#2404=CARTESIAN_POINT('',(0.0049,0.013082708367405,0.017));
#2405=CARTESIAN_POINT('',(0.00865,0.013082708367405,0.017));
#2406=CARTESIAN_POINT('',(-0.0216,-0.00795,0.018));
#2407=CARTESIAN_POINT('',(-0.0216,-0.00795,0.015));
#2408=CARTESIAN_POINT('',(-0.01785,-0.00795,0.015));
#2409=CARTESIAN_POINT('',(-0.0216,-0.00795,0.017));
#2410=CARTESIAN_POINT('',(-0.01785,-0.00795,0.017));
#2411=CARTESIAN_POINT('',(-0.0216,0.0131,0.018));
#2412=CARTESIAN_POINT('',(-0.0216,0.0131,0.015));
#2413=CARTESIAN_POINT('',(-0.01785,0.0131,0.015));
#2414=CARTESIAN_POINT('',(-0.0216,0.0131,0.017));
#2415=CARTESIAN_POINT('',(-0.01785,0.0131,0.017));
#2416=CARTESIAN_POINT('',(-0.058,-0.0144562798441366,0.018));
#2417=CARTESIAN_POINT('',(-0.058,-0.0144562798441366,0.015));
#2418=CARTESIAN_POINT('',(-0.05425,-0.0144562798441366,0.015));
#2419=CARTESIAN_POINT('',(-0.058,-0.0144562798441366,0.017));
#2420=CARTESIAN_POINT('',(-0.05425,-0.0144562798441366,0.017));
#2421=CARTESIAN_POINT('',(0.056,-0.02534,0.018));
#2422=CARTESIAN_POINT('',(0.056,-0.02534,0.015));
#2423=CARTESIAN_POINT('',(0.0578,-0.02534,0.015));
#2424=CARTESIAN_POINT('',(0.056,-0.02534,0.017));
#2425=CARTESIAN_POINT('',(0.0578,-0.02534,0.017));
#2426=CARTESIAN_POINT('',(0.03,-0.02534,0.018));
#2427=CARTESIAN_POINT('',(0.03,-0.02534,0.015));
#2428=CARTESIAN_POINT('',(0.0318,-0.02534,0.015));
#2429=CARTESIAN_POINT('',(0.03,-0.02534,0.017));
#2430=CARTESIAN_POINT('',(0.0318,-0.02534,0.017));
#2431=CARTESIAN_POINT('',(0.0045,-0.02534,0.018));
#2432=CARTESIAN_POINT('',(0.0045,-0.02534,0.015));
#2433=CARTESIAN_POINT('',(0.0063,-0.02534,0.015));
#2434=CARTESIAN_POINT('',(0.0045,-0.02534,0.017));
#2435=CARTESIAN_POINT('',(0.0063,-0.02534,0.017));
#2436=CARTESIAN_POINT('',(-0.02154,-0.02534,0.018));
#2437=CARTESIAN_POINT('',(-0.02154,-0.02534,0.015));
#2438=CARTESIAN_POINT('',(-0.01974,-0.02534,0.015));
#2439=CARTESIAN_POINT('',(-0.02154,-0.02534,0.017));
#2440=CARTESIAN_POINT('',(-0.01974,-0.02534,0.017));
#2441=CARTESIAN_POINT('',(-0.04925,-0.04465,0.018));
#2442=CARTESIAN_POINT('',(-0.04925,-0.04465,0.015));
#2443=CARTESIAN_POINT('',(-0.04675,-0.04465,0.015));
#2444=CARTESIAN_POINT('',(-0.04925,-0.04465,0.017));
#2445=CARTESIAN_POINT('',(-0.04675,-0.04465,0.017));
#2446=CARTESIAN_POINT('',(-0.06625,-0.04465,0.018));
#2447=CARTESIAN_POINT('',(-0.06625,-0.04465,0.015));
#2448=CARTESIAN_POINT('',(-0.06375,-0.04465,0.015));
#2449=CARTESIAN_POINT('',(-0.06625,-0.04465,0.017));
#2450=CARTESIAN_POINT('',(-0.06375,-0.04465,0.017));
#2451=CARTESIAN_POINT('',(-0.04945,-0.03015,0.018));
#2452=CARTESIAN_POINT('',(-0.04945,-0.03015,0.015));
#2453=CARTESIAN_POINT('',(-0.04695,-0.03015,0.015));
#2454=CARTESIAN_POINT('',(-0.04945,-0.03015,0.017));
#2455=CARTESIAN_POINT('',(-0.04695,-0.03015,0.017));
#2456=CARTESIAN_POINT('',(-0.06645,-0.03015,0.018));
#2457=CARTESIAN_POINT('',(-0.06645,-0.03015,0.015));
#2458=CARTESIAN_POINT('',(-0.06395,-0.03015,0.015));
#2459=CARTESIAN_POINT('',(-0.06645,-0.03015,0.017));
#2460=CARTESIAN_POINT('',(-0.06395,-0.03015,0.017));
#2461=CARTESIAN_POINT('',(0.05594,-0.04997,0.018));
#2462=CARTESIAN_POINT('',(0.05594,-0.04997,0.017));
#2463=CARTESIAN_POINT('',(0.05594,-0.04997,0.015));
#2464=CARTESIAN_POINT('',(0.02994,-0.04997,0.018));
#2465=CARTESIAN_POINT('',(0.02994,-0.04997,0.017));
#2466=CARTESIAN_POINT('',(0.02994,-0.04997,0.015));
#2467=CARTESIAN_POINT('',(0.00398,-0.05005,0.018));
#2468=CARTESIAN_POINT('',(0.00398,-0.05005,0.017));
#2469=CARTESIAN_POINT('',(0.00398,-0.05005,0.015));
#2470=CARTESIAN_POINT('',(-0.02148,-0.04997,0.018));
#2471=CARTESIAN_POINT('',(-0.02148,-0.04997,0.017));
#2472=CARTESIAN_POINT('',(-0.02148,-0.04997,0.015));
#2473=CARTESIAN_POINT('',(0.053,-0.0134,0.018));
#2474=CARTESIAN_POINT('',(0.053,-0.0134,0.015));
#2475=CARTESIAN_POINT('',(0.0546,-0.0134,0.015));
#2476=CARTESIAN_POINT('',(0.053,-0.0134,0.017));
#2477=CARTESIAN_POINT('',(0.0546,-0.0134,0.017));
#2478=CARTESIAN_POINT('',(-0.00325,-0.00364999999997746,0.018));
#2479=CARTESIAN_POINT('',(-0.09238812233436,0.0559150071083768,0.018));
#2480=CARTESIAN_POINT('',(-0.09063812233436,0.0559150071083768,0.018));
#2481=CARTESIAN_POINT('',(0.08588812233436,0.0559150071083768,0.018));
#2482=CARTESIAN_POINT('',(0.08763812233436,0.0559150071083768,0.018));
#2483=CARTESIAN_POINT('',(0.0854,-0.0623999999999584,0.018));
#2484=CARTESIAN_POINT('',(0.08715,-0.0623999999999584,0.018));
#2485=CARTESIAN_POINT('',(-0.0919,-0.0623999999999584,0.018));
#2486=CARTESIAN_POINT('',(-0.09015,-0.0623999999999584,0.018));
#2487=CARTESIAN_POINT('',(-0.03746,0.000793720155863449,0.018));
#2488=CARTESIAN_POINT('',(-0.07475,0.000793720155863444,0.018));
#2489=CARTESIAN_POINT('',(-0.03746,0.000793720155863449,0.018));
#2490=CARTESIAN_POINT('',(-0.03746,0.00329372015586344,0.018));
#2491=CARTESIAN_POINT('',(-0.03496,0.00329372015586345,0.018));
#2492=CARTESIAN_POINT('',(-0.03496,0.02285,0.018));
#2493=CARTESIAN_POINT('',(-0.03496,0.02285,0.018));
#2494=CARTESIAN_POINT('',(-0.02946,0.02285,0.018));
#2495=CARTESIAN_POINT('',(-0.02946,0.02835,0.018));
#2496=CARTESIAN_POINT('',(0.01196,0.02835,0.018));
#2497=CARTESIAN_POINT('',(0.01196,0.02835,0.018));
#2498=CARTESIAN_POINT('',(0.01196,0.02285,0.018));
#2499=CARTESIAN_POINT('',(0.01746,0.02285,0.018));
#2500=CARTESIAN_POINT('',(0.01746,0.00329372015586345,0.018));
#2501=CARTESIAN_POINT('',(0.01746,0.00329372015586345,0.018));
#2502=CARTESIAN_POINT('',(0.01996,0.00329372015586345,0.018));
#2503=CARTESIAN_POINT('',(0.01996,0.000793720155863456,0.018));
#2504=CARTESIAN_POINT('',(0.07109,0.000793720155863463,0.018));
#2505=CARTESIAN_POINT('',(0.07109,0.00079372015586347,0.018));
#2506=CARTESIAN_POINT('',(0.07109,-0.00470627984413654,0.018));
#2507=CARTESIAN_POINT('',(0.07659,-0.00470627984413654,0.018));
#2508=CARTESIAN_POINT('',(0.07659,-0.05597,0.018));
#2509=CARTESIAN_POINT('',(0.07659,-0.05597,0.018));
#2510=CARTESIAN_POINT('',(0.07109,-0.05597,0.018));
#2511=CARTESIAN_POINT('',(0.07109,-0.06147,0.018));
#2512=CARTESIAN_POINT('',(-0.07475,-0.06147,0.018));
#2513=CARTESIAN_POINT('',(-0.07475,-0.06147,0.018));
#2514=CARTESIAN_POINT('',(-0.07475,-0.05597,0.018));
#2515=CARTESIAN_POINT('',(-0.08025,-0.05597,0.018));
#2516=CARTESIAN_POINT('',(-0.08025,-0.00470627984413656,0.018));
#2517=CARTESIAN_POINT('',(-0.08025,-0.00470627984413656,0.018));
#2518=CARTESIAN_POINT('',(-0.07475,-0.00470627984413656,0.018));
#2519=CARTESIAN_POINT('',(0.04225,0.0315188613094433,0.018));
#2520=CARTESIAN_POINT('',(0.0796,0.0315188613094433,0.018));
#2521=CARTESIAN_POINT('',(0.04225,0.0315188613094433,0.018));
#2522=CARTESIAN_POINT('',(0.04225,0.0370188613094433,0.018));
#2523=CARTESIAN_POINT('',(0.03675,0.0370188613094433,0.018));
#2524=CARTESIAN_POINT('',(0.03675,0.0516000000000035,0.018));
#2525=CARTESIAN_POINT('',(0.03675,0.0516000000000035,0.018));
#2526=CARTESIAN_POINT('',(0.04225,0.0516000000000035,0.018));
#2527=CARTESIAN_POINT('',(0.04225,0.0571000000000035,0.018));
#2528=CARTESIAN_POINT('',(-0.00325,0.0571000000000035,0.018));
#2529=CARTESIAN_POINT('',(0.0796,0.0571000000000035,0.018));
#2530=CARTESIAN_POINT('',(0.0796,0.0516000000000035,0.018));
#2531=CARTESIAN_POINT('',(0.0851,0.0516000000000035,0.018));
#2532=CARTESIAN_POINT('',(0.0851,-0.00364999999997746,0.018));
#2533=CARTESIAN_POINT('',(0.0851,0.0370188613094433,0.018));
#2534=CARTESIAN_POINT('',(0.0796,0.0370188613094433,0.018));
#2535=CARTESIAN_POINT('',(-0.00325,0.0581000000000035,0.018));
#2536=CARTESIAN_POINT('',(-0.05868,0.0581000000000035,0.018));
#2537=CARTESIAN_POINT('',(0.0854,0.0581000000000035,0.018));
#2538=CARTESIAN_POINT('',(-0.05868,0.0566000000000035,0.018));
#2539=CARTESIAN_POINT('',(-0.05868,0.0566000000000035,0.018));
#2540=CARTESIAN_POINT('',(-0.00325,0.0566000000000035,0.018));
#2541=CARTESIAN_POINT('',(-0.05866,0.0566000000000035,0.018));
#2542=CARTESIAN_POINT('',(-0.05866,0.0340250000000017,0.018));
#2543=CARTESIAN_POINT('',(-0.05866,0.01145,0.018));
#2544=CARTESIAN_POINT('',(-0.06798,0.01145,0.018));
#2545=CARTESIAN_POINT('',(-0.0773,0.01145,0.018));
#2546=CARTESIAN_POINT('',(-0.0773,0.0340250000000017,0.018));
#2547=CARTESIAN_POINT('',(-0.0773,0.0566000000000035,0.018));
#2548=CARTESIAN_POINT('',(-0.00325,0.0566000000000035,0.018));
#2549=CARTESIAN_POINT('',(-0.07728,0.0566000000000035,0.018));
#2550=CARTESIAN_POINT('',(-0.07728,-0.00364999999997746,0.018));
#2551=CARTESIAN_POINT('',(-0.07728,0.0581000000000035,0.018));
#2552=CARTESIAN_POINT('',(-0.00325,0.0581000000000035,0.018));
#2553=CARTESIAN_POINT('',(-0.0919,0.0581000000000035,0.018));
#2554=CARTESIAN_POINT('',(-0.0919,0.0551000000000035,0.018));
#2555=CARTESIAN_POINT('',(-0.0949,0.0551000000000035,0.018));
#2556=CARTESIAN_POINT('',(-0.0949,-0.00364999999997745,0.018));
#2557=CARTESIAN_POINT('',(-0.0949,-0.0623999999999584,0.018));
#2558=CARTESIAN_POINT('',(-0.0919,-0.0623999999999584,0.018));
#2559=CARTESIAN_POINT('',(-0.0919,-0.0653999999999584,0.018));
#2560=CARTESIAN_POINT('',(-0.00325,-0.0653999999999584,0.018));
#2561=CARTESIAN_POINT('',(0.0854,-0.0653999999999584,0.018));
#2562=CARTESIAN_POINT('',(0.0854,-0.0623999999999584,0.018));
#2563=CARTESIAN_POINT('',(0.0884,-0.0623999999999584,0.018));
#2564=CARTESIAN_POINT('',(0.0884,-0.00364999999997745,0.018));
#2565=CARTESIAN_POINT('',(0.0884,0.0551000000000035,0.018));
#2566=CARTESIAN_POINT('',(0.0854,0.0551000000000035,0.018));
#2567=CARTESIAN_POINT('',(-0.00325,0.0581000000000035,0.018));
#2568=CARTESIAN_POINT('',(-0.0274868133866861,0.0581000000000035,-0.0167394325209167));
#2569=CARTESIAN_POINT('',(-0.07298,0.0581000000000035,0.015));
#2570=CARTESIAN_POINT('',(-0.00325,0.0581000000000035,0.015));
#2571=CARTESIAN_POINT('',(-0.0919,0.0581000000000035,0.015));
#2572=CARTESIAN_POINT('',(-0.0919,0.0581000000000035,0.018));
#2573=CARTESIAN_POINT('',(-0.0919,0.0551000000000035,0.018));
#2574=CARTESIAN_POINT('',(-0.0919,0.0551000000000035,0.015));
#2575=CARTESIAN_POINT('',(-0.0949,0.0551000000000035,0.015));
#2576=CARTESIAN_POINT('',(-0.0949,0.0551000000000035,0.018));
#2577=CARTESIAN_POINT('',(-0.0949,-0.00364999999997745,0.018));
#2578=CARTESIAN_POINT('',(-0.0949,-0.00364999999997745,0.015));
#2579=CARTESIAN_POINT('',(-0.0949,-0.0623999999999584,0.015));
#2580=CARTESIAN_POINT('',(-0.0949,-0.0623999999999584,0.018));
#2581=CARTESIAN_POINT('',(-0.0919,-0.0623999999999584,0.018));
#2582=CARTESIAN_POINT('',(-0.0919,-0.0623999999999584,0.015));
#2583=CARTESIAN_POINT('',(-0.0919,-0.0653999999999584,0.015));
#2584=CARTESIAN_POINT('',(-0.0919,-0.0653999999999584,0.018));
#2585=CARTESIAN_POINT('',(-0.00325,-0.0653999999999584,0.018));
#2586=CARTESIAN_POINT('',(-0.00325,-0.0653999999999584,0.015));
#2587=CARTESIAN_POINT('',(0.0854,-0.0653999999999584,0.015));
#2588=CARTESIAN_POINT('',(0.0854,-0.0653999999999584,0.018));
#2589=CARTESIAN_POINT('',(0.0854,-0.0623999999999584,0.018));
#2590=CARTESIAN_POINT('',(0.0854,-0.0623999999999584,0.015));
#2591=CARTESIAN_POINT('',(0.0884,-0.0623999999999584,0.015));
#2592=CARTESIAN_POINT('',(0.0884,-0.0623999999999584,0.018));
#2593=CARTESIAN_POINT('',(0.0884,-0.00364999999997745,0.018));
#2594=CARTESIAN_POINT('',(0.0884,-0.00364999999997745,0.015));
#2595=CARTESIAN_POINT('',(0.0884,0.0551000000000035,0.015));
#2596=CARTESIAN_POINT('',(0.0884,0.0551000000000035,0.018));
#2597=CARTESIAN_POINT('',(0.0854,0.0551000000000035,0.018));
#2598=CARTESIAN_POINT('',(0.0854,0.0551000000000035,0.015));
#2599=CARTESIAN_POINT('',(0.0854,0.0581000000000035,0.015));
#2600=CARTESIAN_POINT('',(0.0854,0.0581000000000035,0.018));
#2601=CARTESIAN_POINT('',(-0.00325,0.0581000000000035,0.018));
#2602=CARTESIAN_POINT('',(-0.00325,0.0581000000000035,0.015));
#2603=CARTESIAN_POINT('',(-0.06298,0.0581000000000035,0.015));
#2604=CARTESIAN_POINT('',(-0.0213973263004729,0.0581000000000035,0.0440111676973445));
#2605=CARTESIAN_POINT('',(-0.00325,0.0566000000000035,0.018));
#2606=CARTESIAN_POINT('',(-0.05868,0.0566000000000035,0.018));
#2607=CARTESIAN_POINT('',(-0.06298,0.0566000000000035,0.015));
#2608=CARTESIAN_POINT('',(-0.00325,0.0566000000000035,0.015));
#2609=CARTESIAN_POINT('',(-0.05866,0.0566000000000035,0.015));
#2610=CARTESIAN_POINT('',(-0.05866,0.0566000000000035,0.018));
#2611=CARTESIAN_POINT('',(-0.05866,0.0340250000000017,0.018));
#2612=CARTESIAN_POINT('',(-0.05866,0.0340250000000017,0.015));
#2613=CARTESIAN_POINT('',(-0.05866,0.01145,0.015));
#2614=CARTESIAN_POINT('',(-0.05866,0.01145,0.018));
#2615=CARTESIAN_POINT('',(-0.06798,0.01145,0.018));
#2616=CARTESIAN_POINT('',(-0.06798,0.01145,0.015));
#2617=CARTESIAN_POINT('',(-0.0773,0.01145,0.015));
#2618=CARTESIAN_POINT('',(-0.0773,0.01145,0.018));
#2619=CARTESIAN_POINT('',(-0.0773,0.0340250000000017,0.018));
#2620=CARTESIAN_POINT('',(-0.0773,0.0340250000000017,0.015));
#2621=CARTESIAN_POINT('',(-0.0773,0.0566000000000035,0.015));
#2622=CARTESIAN_POINT('',(-0.0773,0.0566000000000035,0.018));
#2623=CARTESIAN_POINT('',(-0.00325,0.0566000000000035,0.018));
#2624=CARTESIAN_POINT('',(-0.00325,0.0566000000000035,0.015));
#2625=CARTESIAN_POINT('',(-0.07298,0.0566000000000035,0.015));
#2626=CARTESIAN_POINT('',(-0.07298,0.0566000000000035,0.015));
#2627=CARTESIAN_POINT('',(-0.00325,-0.00364999999997746,0.015));
#2628=CARTESIAN_POINT('',(-0.09238812233436,0.0559150071083768,0.015));
#2629=CARTESIAN_POINT('',(-0.09113812233436,0.0559150071083768,0.015));
#2630=CARTESIAN_POINT('',(0.08588812233436,0.0559150071083768,0.015));
#2631=CARTESIAN_POINT('',(0.08713812233436,0.0559150071083768,0.015));
#2632=CARTESIAN_POINT('',(0.0854,-0.0623999999999584,0.015));
#2633=CARTESIAN_POINT('',(0.08665,-0.0623999999999584,0.015));
#2634=CARTESIAN_POINT('',(-0.0919,-0.0623999999999584,0.015));
#2635=CARTESIAN_POINT('',(-0.09065,-0.0623999999999584,0.015));
#2636=CARTESIAN_POINT('',(-0.07298,0.0573500000000035,0.015));
#2637=CARTESIAN_POINT('',(-0.06298,0.0573500000000035,0.015));
#2638=CARTESIAN_POINT('',(-0.07298,0.0573500000000035,0.015));
#2639=CARTESIAN_POINT('',(-0.05868,-0.00364999999997746,0.018));
#2640=CARTESIAN_POINT('',(-0.00325,-0.00364999999997745,0.017));
#2641=CARTESIAN_POINT('',(0.0836,0.0443094306547234,0.017));
#2642=CARTESIAN_POINT('',(0.0836,0.0516000000000035,0.017));
#2643=CARTESIAN_POINT('',(0.0836,0.0370188613094433,0.017));
#2644=CARTESIAN_POINT('',(0.0796,0.0516000000000035,0.017));
#2645=CARTESIAN_POINT('',(0.0796,0.0556000000000035,0.017));
#2646=CARTESIAN_POINT('',(0.060925,0.0556000000000035,0.017));
#2647=CARTESIAN_POINT('',(0.04225,0.0556000000000035,0.017));
#2648=CARTESIAN_POINT('',(0.04225,0.0516000000000035,0.017));
#2649=CARTESIAN_POINT('',(0.03825,0.0516000000000035,0.017));
#2650=CARTESIAN_POINT('',(0.03825,0.0443094306547234,0.017));
#2651=CARTESIAN_POINT('',(0.03825,0.0370188613094433,0.017));
#2652=CARTESIAN_POINT('',(0.04225,0.0370188613094433,0.017));
#2653=CARTESIAN_POINT('',(0.04225,0.0330188613094433,0.017));
#2654=CARTESIAN_POINT('',(0.060925,0.0330188613094433,0.017));
#2655=CARTESIAN_POINT('',(0.0796,0.0330188613094433,0.017));
#2656=CARTESIAN_POINT('',(0.0796,0.0370188613094433,0.017));
#2657=CARTESIAN_POINT('',(-0.00325,-0.00364999999997745,0.017));
#2658=CARTESIAN_POINT('',(0.07509,-0.0303381399220683,0.017));
#2659=CARTESIAN_POINT('',(0.07509,-0.05597,0.017));
#2660=CARTESIAN_POINT('',(0.07509,-0.00470627984413654,0.017));
#2661=CARTESIAN_POINT('',(0.07109,-0.00470627984413654,0.017));
#2662=CARTESIAN_POINT('',(0.07109,-0.000706279844136537,0.017));
#2663=CARTESIAN_POINT('',(0.045525,-0.00070627984413654,0.017));
#2664=CARTESIAN_POINT('',(0.01996,-0.000706279844136546,0.017));
#2665=CARTESIAN_POINT('',(0.01996,0.00329372015586345,0.017));
#2666=CARTESIAN_POINT('',(0.01596,0.00329372015586345,0.017));
#2667=CARTESIAN_POINT('',(0.01596,0.0130718600779317,0.017));
#2668=CARTESIAN_POINT('',(0.01596,0.02285,0.017));
#2669=CARTESIAN_POINT('',(0.01196,0.02285,0.017));
#2670=CARTESIAN_POINT('',(0.01196,0.02685,0.017));
#2671=CARTESIAN_POINT('',(-0.00875,0.02685,0.017));
#2672=CARTESIAN_POINT('',(-0.02946,0.02685,0.017));
#2673=CARTESIAN_POINT('',(-0.02946,0.02285,0.017));
#2674=CARTESIAN_POINT('',(-0.03346,0.02285,0.017));
#2675=CARTESIAN_POINT('',(-0.03346,0.0130718600779317,0.017));
#2676=CARTESIAN_POINT('',(-0.03346,0.00329372015586345,0.017));
#2677=CARTESIAN_POINT('',(-0.03746,0.00329372015586344,0.017));
#2678=CARTESIAN_POINT('',(-0.03746,-0.000706279844136553,0.017));
#2679=CARTESIAN_POINT('',(-0.056105,-0.000706279844136553,0.017));
#2680=CARTESIAN_POINT('',(-0.07475,-0.000706279844136555,0.017));
#2681=CARTESIAN_POINT('',(-0.07475,-0.00470627984413656,0.017));
#2682=CARTESIAN_POINT('',(-0.07875,-0.00470627984413656,0.017));
#2683=CARTESIAN_POINT('',(-0.07875,-0.0303381399220683,0.017));
#2684=CARTESIAN_POINT('',(-0.07875,-0.05597,0.017));
#2685=CARTESIAN_POINT('',(-0.07475,-0.05597,0.017));
#2686=CARTESIAN_POINT('',(-0.07475,-0.05997,0.017));
#2687=CARTESIAN_POINT('',(-0.00183,-0.05997,0.017));
#2688=CARTESIAN_POINT('',(0.07109,-0.05997,0.017));
#2689=CARTESIAN_POINT('',(0.07109,-0.05597,0.017));
#2690=CARTESIAN_POINT('',(0.0796,0.0516000000000035,0.017));
#2691=CARTESIAN_POINT('',(0.0851,0.0516000000000035,0.018));
#2692=CARTESIAN_POINT('',(0.0796,0.0556000000000035,0.017));
#2693=CARTESIAN_POINT('',(-0.00325,0.0571000000000035,0.018));
#2694=CARTESIAN_POINT('',(0.04225,0.0556000000000035,0.017));
#2695=CARTESIAN_POINT('',(0.0851,-0.00364999999997746,0.018));
#2696=CARTESIAN_POINT('',(0.0851,0.0370188613094433,0.018));
#2697=CARTESIAN_POINT('',(0.04225,0.0516000000000035,0.017));
#2698=CARTESIAN_POINT('',(0.03825,0.0516000000000035,0.017));
#2699=CARTESIAN_POINT('',(0.0796,0.0370188613094433,0.017));
#2700=CARTESIAN_POINT('',(0.0796,0.0315188613094433,0.018));
#2701=CARTESIAN_POINT('',(0.03825,0.0443094306547234,0.017));
#2702=CARTESIAN_POINT('',(0.03825,0.0370188613094433,0.017));
#2703=CARTESIAN_POINT('',(0.060925,0.0330188613094433,0.017));
#2704=CARTESIAN_POINT('',(0.04225,0.0315188613094433,0.018));
#2705=CARTESIAN_POINT('',(0.04225,0.0370188613094433,0.017));
#2706=CARTESIAN_POINT('',(0.07109,-0.00470627984413654,0.017));
#2707=CARTESIAN_POINT('',(0.07109,-0.000706279844136534,0.017));
#2708=CARTESIAN_POINT('',(0.07659,-0.00470627984413654,0.018));
#2709=CARTESIAN_POINT('',(0.07509,-0.0303381399220683,0.017));
#2710=CARTESIAN_POINT('',(0.07659,-0.05597,0.018));
#2711=CARTESIAN_POINT('',(0.045525,-0.00070627984413654,0.017));
#2712=CARTESIAN_POINT('',(0.01996,-0.000706279844136543,0.017));
#2713=CARTESIAN_POINT('',(0.07109,-0.05597,0.017));
#2714=CARTESIAN_POINT('',(0.07109,-0.06147,0.018));
#2715=CARTESIAN_POINT('',(0.01996,0.00329372015586345,0.018));
#2716=CARTESIAN_POINT('',(0.01596,0.00329372015586345,0.017));
#2717=CARTESIAN_POINT('',(-0.00183,-0.05997,0.017));
#2718=CARTESIAN_POINT('',(-0.07475,-0.06147,0.018));
#2719=CARTESIAN_POINT('',(0.01596,0.0130718600779317,0.017));
#2720=CARTESIAN_POINT('',(0.01596,0.02285,0.017));
#2721=CARTESIAN_POINT('',(-0.07475,-0.05597,0.017));
#2722=CARTESIAN_POINT('',(-0.08025,-0.05597,0.018));
#2723=CARTESIAN_POINT('',(0.01196,0.02285,0.017));
#2724=CARTESIAN_POINT('',(0.01196,0.02685,0.017));
#2725=CARTESIAN_POINT('',(-0.07875,-0.0303381399220683,0.017));
#2726=CARTESIAN_POINT('',(-0.08025,-0.00470627984413656,0.018));
#2727=CARTESIAN_POINT('',(-0.00875,0.02685,0.017));
#2728=CARTESIAN_POINT('',(-0.02946,0.02685,0.017));
#2729=CARTESIAN_POINT('',(-0.07475,-0.00470627984413656,0.017));
#2730=CARTESIAN_POINT('',(-0.07475,0.000793720155863449,0.018));
#2731=CARTESIAN_POINT('',(-0.02946,0.02285,0.017));
#2732=CARTESIAN_POINT('',(-0.03346,0.02285,0.017));
#2733=CARTESIAN_POINT('',(-0.056105,-0.000706279844136553,0.017));
#2734=CARTESIAN_POINT('',(-0.03746,0.000793720155863449,0.018));
#2735=CARTESIAN_POINT('',(-0.03346,0.0130718600779317,0.017));
#2736=CARTESIAN_POINT('',(-0.03346,0.00329372015586345,0.017));
#2737=CARTESIAN_POINT('',(-0.03746,0.00329372015586344,0.018));
#2738=CARTESIAN_POINT('',(-0.0919,-0.0623999999999584,0.0085));
#2739=CARTESIAN_POINT('',(-0.0919,-0.0623999999999584,0.017));
#2740=CARTESIAN_POINT('',(-0.09065,-0.0623999999999584,0.017));
#2741=CARTESIAN_POINT('',(0.0854,-0.0623999999999584,0.0085));
#2742=CARTESIAN_POINT('',(0.0854,-0.0623999999999584,0.017));
#2743=CARTESIAN_POINT('',(0.08665,-0.0623999999999584,0.017));
#2744=CARTESIAN_POINT('',(0.08588812233436,0.0559150071083768,0.0085));
#2745=CARTESIAN_POINT('',(0.08588812233436,0.0559150071083768,0.017));
#2746=CARTESIAN_POINT('',(0.08713812233436,0.0559150071083768,0.017));
#2747=CARTESIAN_POINT('',(-0.09238812233436,0.0559150071083768,0.0085));
#2748=CARTESIAN_POINT('',(-0.09238812233436,0.0559150071083768,0.017));
#2749=CARTESIAN_POINT('',(-0.09113812233436,0.0559150071083768,0.017));
#2750=CARTESIAN_POINT('',(-0.09238812233436,0.0559150071083768,0.017));
#2751=CARTESIAN_POINT('',(0.08588812233436,0.0559150071083768,0.017));
#2752=CARTESIAN_POINT('',(0.0854,-0.0623999999999584,0.017));
#2753=CARTESIAN_POINT('',(-0.0919,-0.0623999999999584,0.017));
#2754=MECHANICAL_DESIGN_GEOMETRIC_PRESENTATION_REPRESENTATION('',(#1657),
#2755);
#2755=(
GEOMETRIC_REPRESENTATION_CONTEXT(3)
GLOBAL_UNCERTAINTY_ASSIGNED_CONTEXT((#2756))
GLOBAL_UNIT_ASSIGNED_CONTEXT((#2759,#2758,#2757))
REPRESENTATION_CONTEXT('Top','TOP_LEVEL_ASSEMBLY_PART')
);
#2756=UNCERTAINTY_MEASURE_WITH_UNIT(LENGTH_MEASURE(1.E-8),#2759,
'DISTANCE_ACCURACY_VALUE','Maximum Tolerance applied to model');
#2757=(
NAMED_UNIT(*)
SI_UNIT($,.STERADIAN.)
SOLID_ANGLE_UNIT()
);
#2758=(
NAMED_UNIT(*)
PLANE_ANGLE_UNIT()
SI_UNIT($,.RADIAN.)
);
#2759=(
LENGTH_UNIT()
NAMED_UNIT(*)
SI_UNIT($,.METRE.)
);
#2760=PRODUCT_DEFINITION_SHAPE('','',#2761);
#2761=PRODUCT_DEFINITION('','',#2763,#2762);
#2762=PRODUCT_DEFINITION_CONTEXT('',#2769,'design');
#2763=PRODUCT_DEFINITION_FORMATION_WITH_SPECIFIED_SOURCE('','',#2765,
 .NOT_KNOWN.);
#2764=PRODUCT_RELATED_PRODUCT_CATEGORY('','',(#2765));
#2765=PRODUCT('Top','Top','Top',(#2767));
#2766=PRODUCT_CATEGORY('','');
#2767=PRODUCT_CONTEXT('',#2769,'mechanical');
#2768=APPLICATION_PROTOCOL_DEFINITION('international standard',
'ap242_managed_model_based_3d_engineering',2020,#2769);
#2769=APPLICATION_CONTEXT('managed model based 3d engineering');
ENDSEC;
END-ISO-10303-21;
