ISO-10303-21;
HEADER;
/* Generated by software containing ST-Developer
 * from STEP Tools, Inc. (www.steptools.com) 
 */
/* OPTION: using custom renumber hook */

FILE_DESCRIPTION(
/* description */ ('STEP AP242 Edition 2',
'CAx-IF Rec.Pracs.---Representation and Presentation of Product Manufa
cturing Information (PMI)---4.0---2014-10-13',
'CAx-IF Rec.Pracs.---3D Tessellated Geometry---0.4---2014-09-14','2;1',
'CAx-IF Rec.Pracs.---User Defined Attributes---1.5---2016-08-15'),
/* implementation_level */ '2;1');

FILE_NAME(
/* name */ 'Deimos-4 Drummachine - Body',
/* time_stamp */ '2026-08-18T20:56:46Z',
/* author */ (''),
/* organization */ (''),
/* preprocessor_version */ 'ST-DEVELOPER v20',
/* originating_system */ 'ONSHAPE BY PTC INC, 1.219',
/* authorisation */ '  ');

FILE_SCHEMA (('AP242_MANAGED_MODEL_BASED_3D_ENGINEERING_MIM_LF { 1 0 10303 442 3 1 4 }'));
ENDSEC;

DATA;
#10=SHAPE_REPRESENTATION_RELATIONSHIP('','',#1615,#11);
#11=ADVANCED_BREP_SHAPE_REPRESENTATION('',(#1613),#2663);
#12=ELLIPSE('',#1657,0.00309232921921327,0.003);
#13=ELLIPSE('',#1658,0.00309232921921327,0.003);
#14=ELLIPSE('',#1660,0.00309232921921326,0.003);
#15=ELLIPSE('',#1661,0.00309232921921326,0.003);
#16=ELLIPSE('',#1663,0.00309232921921325,0.003);
#17=ELLIPSE('',#1664,0.00309232921921325,0.003);
#18=ELLIPSE('',#1667,0.00309232921921325,0.003);
#19=ELLIPSE('',#1668,0.00309232921921325,0.003);
#20=CYLINDRICAL_SURFACE('',#1646,0.003);
#21=CYLINDRICAL_SURFACE('',#1648,0.003);
#22=CYLINDRICAL_SURFACE('',#1650,0.003);
#23=CYLINDRICAL_SURFACE('',#1653,0.003);
#24=CYLINDRICAL_SURFACE('',#1656,0.003);
#25=CYLINDRICAL_SURFACE('',#1659,0.003);
#26=CYLINDRICAL_SURFACE('',#1662,0.003);
#27=CYLINDRICAL_SURFACE('',#1666,0.003);
#28=CYLINDRICAL_SURFACE('',#1678,0.005);
#29=CYLINDRICAL_SURFACE('',#1683,0.0035);
#30=CYLINDRICAL_SURFACE('',#1684,0.0035);
#31=CYLINDRICAL_SURFACE('',#1695,0.002);
#32=CYLINDRICAL_SURFACE('',#1699,0.0015);
#33=CYLINDRICAL_SURFACE('',#1706,0.002);
#34=CYLINDRICAL_SURFACE('',#1711,0.0015);
#35=CYLINDRICAL_SURFACE('',#1719,0.002);
#36=CYLINDRICAL_SURFACE('',#1721,0.0015);
#37=CYLINDRICAL_SURFACE('',#1725,0.002);
#38=CYLINDRICAL_SURFACE('',#1729,0.0015);
#39=CYLINDRICAL_SURFACE('',#1743,0.00125);
#40=CYLINDRICAL_SURFACE('',#1746,0.00125);
#41=CYLINDRICAL_SURFACE('',#1749,0.00125);
#42=CYLINDRICAL_SURFACE('',#1752,0.00125);
#43=CIRCLE('',#1618,0.005);
#44=CIRCLE('',#1619,0.0035);
#45=CIRCLE('',#1620,0.0035);
#46=CIRCLE('',#1622,0.00125);
#47=CIRCLE('',#1623,0.00125);
#48=CIRCLE('',#1624,0.00125);
#49=CIRCLE('',#1625,0.00125);
#50=CIRCLE('',#1626,0.003);
#51=CIRCLE('',#1627,0.003);
#52=CIRCLE('',#1628,0.003);
#53=CIRCLE('',#1629,0.003);
#54=CIRCLE('',#1630,0.003);
#55=CIRCLE('',#1631,0.003);
#56=CIRCLE('',#1632,0.003);
#57=CIRCLE('',#1633,0.003);
#58=CIRCLE('',#1635,0.002);
#59=CIRCLE('',#1636,0.002);
#60=CIRCLE('',#1637,0.002);
#61=CIRCLE('',#1638,0.002);
#62=CIRCLE('',#1640,0.0035);
#63=CIRCLE('',#1641,0.0035);
#64=CIRCLE('',#1642,0.005);
#65=CIRCLE('',#1647,0.003);
#66=CIRCLE('',#1649,0.003);
#67=CIRCLE('',#1651,0.003);
#68=CIRCLE('',#1654,0.003);
#69=CIRCLE('',#1696,0.002);
#70=CIRCLE('',#1700,0.0015);
#71=CIRCLE('',#1701,0.0015);
#72=CIRCLE('',#1707,0.002);
#73=CIRCLE('',#1712,0.0015);
#74=CIRCLE('',#1713,0.0015);
#75=CIRCLE('',#1720,0.002);
#76=CIRCLE('',#1722,0.0015);
#77=CIRCLE('',#1723,0.0015);
#78=CIRCLE('',#1726,0.002);
#79=CIRCLE('',#1730,0.0015);
#80=CIRCLE('',#1731,0.0015);
#81=CIRCLE('',#1744,0.00125);
#82=CIRCLE('',#1747,0.00125);
#83=CIRCLE('',#1750,0.00125);
#84=CIRCLE('',#1753,0.00125);
#85=ORIENTED_EDGE('',*,*,#521,.T.);
#86=ORIENTED_EDGE('',*,*,#522,.T.);
#87=ORIENTED_EDGE('',*,*,#523,.T.);
#88=ORIENTED_EDGE('',*,*,#524,.T.);
#89=ORIENTED_EDGE('',*,*,#525,.F.);
#90=ORIENTED_EDGE('',*,*,#526,.F.);
#91=ORIENTED_EDGE('',*,*,#527,.F.);
#92=ORIENTED_EDGE('',*,*,#528,.F.);
#93=ORIENTED_EDGE('',*,*,#529,.T.);
#94=ORIENTED_EDGE('',*,*,#530,.F.);
#95=ORIENTED_EDGE('',*,*,#531,.F.);
#96=ORIENTED_EDGE('',*,*,#532,.T.);
#97=ORIENTED_EDGE('',*,*,#533,.T.);
#98=ORIENTED_EDGE('',*,*,#534,.F.);
#99=ORIENTED_EDGE('',*,*,#535,.F.);
#100=ORIENTED_EDGE('',*,*,#536,.F.);
#101=ORIENTED_EDGE('',*,*,#537,.F.);
#102=ORIENTED_EDGE('',*,*,#538,.F.);
#103=ORIENTED_EDGE('',*,*,#539,.F.);
#104=ORIENTED_EDGE('',*,*,#540,.T.);
#105=ORIENTED_EDGE('',*,*,#541,.T.);
#106=ORIENTED_EDGE('',*,*,#533,.F.);
#107=ORIENTED_EDGE('',*,*,#542,.T.);
#108=ORIENTED_EDGE('',*,*,#543,.F.);
#109=ORIENTED_EDGE('',*,*,#544,.T.);
#110=ORIENTED_EDGE('',*,*,#545,.T.);
#111=ORIENTED_EDGE('',*,*,#546,.T.);
#112=ORIENTED_EDGE('',*,*,#547,.T.);
#113=ORIENTED_EDGE('',*,*,#548,.T.);
#114=ORIENTED_EDGE('',*,*,#529,.F.);
#115=ORIENTED_EDGE('',*,*,#549,.F.);
#116=ORIENTED_EDGE('',*,*,#550,.T.);
#117=ORIENTED_EDGE('',*,*,#551,.F.);
#118=ORIENTED_EDGE('',*,*,#552,.T.);
#119=ORIENTED_EDGE('',*,*,#553,.F.);
#120=ORIENTED_EDGE('',*,*,#554,.F.);
#121=ORIENTED_EDGE('',*,*,#555,.F.);
#122=ORIENTED_EDGE('',*,*,#556,.F.);
#123=ORIENTED_EDGE('',*,*,#557,.F.);
#124=ORIENTED_EDGE('',*,*,#558,.T.);
#125=ORIENTED_EDGE('',*,*,#559,.T.);
#126=ORIENTED_EDGE('',*,*,#560,.F.);
#127=ORIENTED_EDGE('',*,*,#561,.T.);
#128=ORIENTED_EDGE('',*,*,#562,.T.);
#129=ORIENTED_EDGE('',*,*,#563,.F.);
#130=ORIENTED_EDGE('',*,*,#564,.F.);
#131=ORIENTED_EDGE('',*,*,#565,.F.);
#132=ORIENTED_EDGE('',*,*,#566,.T.);
#133=ORIENTED_EDGE('',*,*,#567,.F.);
#134=ORIENTED_EDGE('',*,*,#568,.F.);
#135=ORIENTED_EDGE('',*,*,#569,.F.);
#136=ORIENTED_EDGE('',*,*,#570,.T.);
#137=ORIENTED_EDGE('',*,*,#571,.T.);
#138=ORIENTED_EDGE('',*,*,#572,.F.);
#139=ORIENTED_EDGE('',*,*,#573,.F.);
#140=ORIENTED_EDGE('',*,*,#574,.T.);
#141=ORIENTED_EDGE('',*,*,#575,.T.);
#142=ORIENTED_EDGE('',*,*,#550,.F.);
#143=ORIENTED_EDGE('',*,*,#576,.T.);
#144=ORIENTED_EDGE('',*,*,#577,.T.);
#145=ORIENTED_EDGE('',*,*,#578,.T.);
#146=ORIENTED_EDGE('',*,*,#540,.F.);
#147=ORIENTED_EDGE('',*,*,#579,.T.);
#148=ORIENTED_EDGE('',*,*,#580,.T.);
#149=ORIENTED_EDGE('',*,*,#581,.F.);
#150=ORIENTED_EDGE('',*,*,#582,.T.);
#151=ORIENTED_EDGE('',*,*,#583,.F.);
#152=ORIENTED_EDGE('',*,*,#584,.T.);
#153=ORIENTED_EDGE('',*,*,#585,.T.);
#154=ORIENTED_EDGE('',*,*,#586,.F.);
#155=ORIENTED_EDGE('',*,*,#587,.T.);
#156=ORIENTED_EDGE('',*,*,#588,.T.);
#157=ORIENTED_EDGE('',*,*,#589,.T.);
#158=ORIENTED_EDGE('',*,*,#590,.T.);
#159=ORIENTED_EDGE('',*,*,#591,.T.);
#160=ORIENTED_EDGE('',*,*,#547,.F.);
#161=ORIENTED_EDGE('',*,*,#592,.F.);
#162=ORIENTED_EDGE('',*,*,#593,.T.);
#163=ORIENTED_EDGE('',*,*,#594,.T.);
#164=ORIENTED_EDGE('',*,*,#595,.T.);
#165=ORIENTED_EDGE('',*,*,#596,.F.);
#166=ORIENTED_EDGE('',*,*,#552,.F.);
#167=ORIENTED_EDGE('',*,*,#597,.F.);
#168=ORIENTED_EDGE('',*,*,#598,.T.);
#169=ORIENTED_EDGE('',*,*,#599,.T.);
#170=ORIENTED_EDGE('',*,*,#600,.F.);
#171=ORIENTED_EDGE('',*,*,#601,.T.);
#172=ORIENTED_EDGE('',*,*,#545,.F.);
#173=ORIENTED_EDGE('',*,*,#602,.F.);
#174=ORIENTED_EDGE('',*,*,#603,.T.);
#175=ORIENTED_EDGE('',*,*,#592,.T.);
#176=ORIENTED_EDGE('',*,*,#546,.F.);
#177=ORIENTED_EDGE('',*,*,#601,.F.);
#178=ORIENTED_EDGE('',*,*,#604,.T.);
#179=ORIENTED_EDGE('',*,*,#530,.T.);
#180=ORIENTED_EDGE('',*,*,#548,.F.);
#181=ORIENTED_EDGE('',*,*,#591,.F.);
#182=ORIENTED_EDGE('',*,*,#605,.T.);
#183=ORIENTED_EDGE('',*,*,#606,.T.);
#184=ORIENTED_EDGE('',*,*,#542,.F.);
#185=ORIENTED_EDGE('',*,*,#532,.F.);
#186=ORIENTED_EDGE('',*,*,#607,.T.);
#187=ORIENTED_EDGE('',*,*,#608,.T.);
#188=ORIENTED_EDGE('',*,*,#543,.T.);
#189=ORIENTED_EDGE('',*,*,#606,.F.);
#190=ORIENTED_EDGE('',*,*,#609,.F.);
#191=ORIENTED_EDGE('',*,*,#602,.T.);
#192=ORIENTED_EDGE('',*,*,#544,.F.);
#193=ORIENTED_EDGE('',*,*,#608,.F.);
#194=ORIENTED_EDGE('',*,*,#610,.T.);
#195=ORIENTED_EDGE('',*,*,#603,.F.);
#196=ORIENTED_EDGE('',*,*,#610,.F.);
#197=ORIENTED_EDGE('',*,*,#609,.T.);
#198=ORIENTED_EDGE('',*,*,#607,.F.);
#199=ORIENTED_EDGE('',*,*,#531,.T.);
#200=ORIENTED_EDGE('',*,*,#605,.F.);
#201=ORIENTED_EDGE('',*,*,#593,.F.);
#202=ORIENTED_EDGE('',*,*,#604,.F.);
#203=ORIENTED_EDGE('',*,*,#611,.T.);
#204=ORIENTED_EDGE('',*,*,#612,.T.);
#205=ORIENTED_EDGE('',*,*,#579,.F.);
#206=ORIENTED_EDGE('',*,*,#557,.T.);
#207=ORIENTED_EDGE('',*,*,#613,.T.);
#208=ORIENTED_EDGE('',*,*,#614,.T.);
#209=ORIENTED_EDGE('',*,*,#615,.T.);
#210=ORIENTED_EDGE('',*,*,#594,.F.);
#211=ORIENTED_EDGE('',*,*,#551,.T.);
#212=ORIENTED_EDGE('',*,*,#581,.T.);
#213=ORIENTED_EDGE('',*,*,#596,.T.);
#214=ORIENTED_EDGE('',*,*,#616,.T.);
#215=ORIENTED_EDGE('',*,*,#617,.T.);
#216=ORIENTED_EDGE('',*,*,#618,.F.);
#217=ORIENTED_EDGE('',*,*,#553,.T.);
#218=ORIENTED_EDGE('',*,*,#618,.T.);
#219=ORIENTED_EDGE('',*,*,#619,.T.);
#220=ORIENTED_EDGE('',*,*,#620,.F.);
#221=ORIENTED_EDGE('',*,*,#554,.T.);
#222=ORIENTED_EDGE('',*,*,#621,.T.);
#223=ORIENTED_EDGE('',*,*,#622,.T.);
#224=ORIENTED_EDGE('',*,*,#623,.F.);
#225=ORIENTED_EDGE('',*,*,#555,.T.);
#226=ORIENTED_EDGE('',*,*,#620,.T.);
#227=ORIENTED_EDGE('',*,*,#623,.T.);
#228=ORIENTED_EDGE('',*,*,#624,.T.);
#229=ORIENTED_EDGE('',*,*,#613,.F.);
#230=ORIENTED_EDGE('',*,*,#556,.T.);
#231=ORIENTED_EDGE('',*,*,#625,.T.);
#232=ORIENTED_EDGE('',*,*,#626,.T.);
#233=ORIENTED_EDGE('',*,*,#627,.F.);
#234=ORIENTED_EDGE('',*,*,#597,.T.);
#235=ORIENTED_EDGE('',*,*,#627,.T.);
#236=ORIENTED_EDGE('',*,*,#628,.T.);
#237=ORIENTED_EDGE('',*,*,#629,.F.);
#238=ORIENTED_EDGE('',*,*,#598,.F.);
#239=ORIENTED_EDGE('',*,*,#629,.T.);
#240=ORIENTED_EDGE('',*,*,#630,.T.);
#241=ORIENTED_EDGE('',*,*,#631,.F.);
#242=ORIENTED_EDGE('',*,*,#599,.F.);
#243=ORIENTED_EDGE('',*,*,#631,.T.);
#244=ORIENTED_EDGE('',*,*,#632,.T.);
#245=ORIENTED_EDGE('',*,*,#625,.F.);
#246=ORIENTED_EDGE('',*,*,#600,.T.);
#247=ORIENTED_EDGE('',*,*,#633,.F.);
#248=ORIENTED_EDGE('',*,*,#590,.F.);
#249=ORIENTED_EDGE('',*,*,#634,.F.);
#250=ORIENTED_EDGE('',*,*,#626,.F.);
#251=ORIENTED_EDGE('',*,*,#634,.T.);
#252=ORIENTED_EDGE('',*,*,#589,.F.);
#253=ORIENTED_EDGE('',*,*,#635,.F.);
#254=ORIENTED_EDGE('',*,*,#628,.F.);
#255=ORIENTED_EDGE('',*,*,#633,.T.);
#256=ORIENTED_EDGE('',*,*,#632,.F.);
#257=ORIENTED_EDGE('',*,*,#636,.F.);
#258=ORIENTED_EDGE('',*,*,#587,.F.);
#259=ORIENTED_EDGE('',*,*,#635,.T.);
#260=ORIENTED_EDGE('',*,*,#588,.F.);
#261=ORIENTED_EDGE('',*,*,#636,.T.);
#262=ORIENTED_EDGE('',*,*,#630,.F.);
#263=ORIENTED_EDGE('',*,*,#525,.T.);
#264=ORIENTED_EDGE('',*,*,#582,.F.);
#265=ORIENTED_EDGE('',*,*,#637,.T.);
#266=ORIENTED_EDGE('',*,*,#638,.T.);
#267=ORIENTED_EDGE('',*,*,#639,.F.);
#268=ORIENTED_EDGE('',*,*,#583,.T.);
#269=ORIENTED_EDGE('',*,*,#639,.T.);
#270=ORIENTED_EDGE('',*,*,#640,.T.);
#271=ORIENTED_EDGE('',*,*,#641,.F.);
#272=ORIENTED_EDGE('',*,*,#584,.F.);
#273=ORIENTED_EDGE('',*,*,#641,.T.);
#274=ORIENTED_EDGE('',*,*,#642,.T.);
#275=ORIENTED_EDGE('',*,*,#643,.F.);
#276=ORIENTED_EDGE('',*,*,#585,.F.);
#277=ORIENTED_EDGE('',*,*,#643,.T.);
#278=ORIENTED_EDGE('',*,*,#644,.T.);
#279=ORIENTED_EDGE('',*,*,#637,.F.);
#280=ORIENTED_EDGE('',*,*,#586,.T.);
#281=ORIENTED_EDGE('',*,*,#526,.T.);
#282=ORIENTED_EDGE('',*,*,#575,.F.);
#283=ORIENTED_EDGE('',*,*,#527,.T.);
#284=ORIENTED_EDGE('',*,*,#574,.F.);
#285=ORIENTED_EDGE('',*,*,#642,.F.);
#286=ORIENTED_EDGE('',*,*,#645,.T.);
#287=ORIENTED_EDGE('',*,*,#522,.F.);
#288=ORIENTED_EDGE('',*,*,#646,.T.);
#289=ORIENTED_EDGE('',*,*,#524,.F.);
#290=ORIENTED_EDGE('',*,*,#647,.T.);
#291=ORIENTED_EDGE('',*,*,#638,.F.);
#292=ORIENTED_EDGE('',*,*,#648,.T.);
#293=ORIENTED_EDGE('',*,*,#649,.F.);
#294=ORIENTED_EDGE('',*,*,#650,.F.);
#295=ORIENTED_EDGE('',*,*,#558,.F.);
#296=ORIENTED_EDGE('',*,*,#651,.F.);
#297=ORIENTED_EDGE('',*,*,#652,.F.);
#298=ORIENTED_EDGE('',*,*,#611,.F.);
#299=ORIENTED_EDGE('',*,*,#624,.F.);
#300=ORIENTED_EDGE('',*,*,#622,.F.);
#301=ORIENTED_EDGE('',*,*,#652,.T.);
#302=ORIENTED_EDGE('',*,*,#653,.F.);
#303=ORIENTED_EDGE('',*,*,#654,.F.);
#304=ORIENTED_EDGE('',*,*,#655,.F.);
#305=ORIENTED_EDGE('',*,*,#570,.F.);
#306=ORIENTED_EDGE('',*,*,#656,.F.);
#307=ORIENTED_EDGE('',*,*,#657,.F.);
#308=ORIENTED_EDGE('',*,*,#658,.F.);
#309=ORIENTED_EDGE('',*,*,#614,.F.);
#310=ORIENTED_EDGE('',*,*,#580,.F.);
#311=ORIENTED_EDGE('',*,*,#612,.F.);
#312=ORIENTED_EDGE('',*,*,#619,.F.);
#313=ORIENTED_EDGE('',*,*,#617,.F.);
#314=ORIENTED_EDGE('',*,*,#659,.F.);
#315=ORIENTED_EDGE('',*,*,#660,.F.);
#316=ORIENTED_EDGE('',*,*,#562,.F.);
#317=ORIENTED_EDGE('',*,*,#661,.F.);
#318=ORIENTED_EDGE('',*,*,#649,.T.);
#319=ORIENTED_EDGE('',*,*,#621,.F.);
#320=ORIENTED_EDGE('',*,*,#658,.T.);
#321=ORIENTED_EDGE('',*,*,#662,.F.);
#322=ORIENTED_EDGE('',*,*,#663,.F.);
#323=ORIENTED_EDGE('',*,*,#566,.F.);
#324=ORIENTED_EDGE('',*,*,#664,.F.);
#325=ORIENTED_EDGE('',*,*,#665,.F.);
#326=ORIENTED_EDGE('',*,*,#666,.F.);
#327=ORIENTED_EDGE('',*,*,#659,.T.);
#328=ORIENTED_EDGE('',*,*,#616,.F.);
#329=ORIENTED_EDGE('',*,*,#595,.F.);
#330=ORIENTED_EDGE('',*,*,#615,.F.);
#331=ORIENTED_EDGE('',*,*,#648,.F.);
#332=ORIENTED_EDGE('',*,*,#644,.F.);
#333=ORIENTED_EDGE('',*,*,#646,.F.);
#334=ORIENTED_EDGE('',*,*,#521,.F.);
#335=ORIENTED_EDGE('',*,*,#647,.F.);
#336=ORIENTED_EDGE('',*,*,#523,.F.);
#337=ORIENTED_EDGE('',*,*,#645,.F.);
#338=ORIENTED_EDGE('',*,*,#640,.F.);
#339=ORIENTED_EDGE('',*,*,#651,.T.);
#340=ORIENTED_EDGE('',*,*,#667,.F.);
#341=ORIENTED_EDGE('',*,*,#668,.F.);
#342=ORIENTED_EDGE('',*,*,#669,.T.);
#343=ORIENTED_EDGE('',*,*,#573,.T.);
#344=ORIENTED_EDGE('',*,*,#670,.F.);
#345=ORIENTED_EDGE('',*,*,#671,.F.);
#346=ORIENTED_EDGE('',*,*,#667,.T.);
#347=ORIENTED_EDGE('',*,*,#572,.T.);
#348=ORIENTED_EDGE('',*,*,#672,.F.);
#349=ORIENTED_EDGE('',*,*,#673,.F.);
#350=ORIENTED_EDGE('',*,*,#670,.T.);
#351=ORIENTED_EDGE('',*,*,#571,.F.);
#352=ORIENTED_EDGE('',*,*,#674,.F.);
#353=ORIENTED_EDGE('',*,*,#675,.T.);
#354=ORIENTED_EDGE('',*,*,#672,.T.);
#355=ORIENTED_EDGE('',*,*,#655,.T.);
#356=ORIENTED_EDGE('',*,*,#676,.F.);
#357=ORIENTED_EDGE('',*,*,#677,.F.);
#358=ORIENTED_EDGE('',*,*,#674,.T.);
#359=ORIENTED_EDGE('',*,*,#676,.T.);
#360=ORIENTED_EDGE('',*,*,#678,.F.);
#361=ORIENTED_EDGE('',*,*,#679,.F.);
#362=ORIENTED_EDGE('',*,*,#680,.T.);
#363=ORIENTED_EDGE('',*,*,#681,.F.);
#364=ORIENTED_EDGE('',*,*,#682,.T.);
#365=ORIENTED_EDGE('',*,*,#653,.T.);
#366=ORIENTED_EDGE('',*,*,#669,.F.);
#367=ORIENTED_EDGE('',*,*,#683,.F.);
#368=ORIENTED_EDGE('',*,*,#681,.T.);
#369=ORIENTED_EDGE('',*,*,#668,.T.);
#370=ORIENTED_EDGE('',*,*,#671,.T.);
#371=ORIENTED_EDGE('',*,*,#673,.T.);
#372=ORIENTED_EDGE('',*,*,#675,.F.);
#373=ORIENTED_EDGE('',*,*,#677,.T.);
#374=ORIENTED_EDGE('',*,*,#682,.F.);
#375=ORIENTED_EDGE('',*,*,#683,.T.);
#376=ORIENTED_EDGE('',*,*,#664,.T.);
#377=ORIENTED_EDGE('',*,*,#684,.F.);
#378=ORIENTED_EDGE('',*,*,#685,.F.);
#379=ORIENTED_EDGE('',*,*,#686,.T.);
#380=ORIENTED_EDGE('',*,*,#565,.T.);
#381=ORIENTED_EDGE('',*,*,#687,.F.);
#382=ORIENTED_EDGE('',*,*,#688,.F.);
#383=ORIENTED_EDGE('',*,*,#684,.T.);
#384=ORIENTED_EDGE('',*,*,#564,.T.);
#385=ORIENTED_EDGE('',*,*,#689,.F.);
#386=ORIENTED_EDGE('',*,*,#690,.F.);
#387=ORIENTED_EDGE('',*,*,#687,.T.);
#388=ORIENTED_EDGE('',*,*,#563,.T.);
#389=ORIENTED_EDGE('',*,*,#691,.F.);
#390=ORIENTED_EDGE('',*,*,#692,.F.);
#391=ORIENTED_EDGE('',*,*,#689,.T.);
#392=ORIENTED_EDGE('',*,*,#660,.T.);
#393=ORIENTED_EDGE('',*,*,#693,.F.);
#394=ORIENTED_EDGE('',*,*,#694,.F.);
#395=ORIENTED_EDGE('',*,*,#691,.T.);
#396=ORIENTED_EDGE('',*,*,#666,.T.);
#397=ORIENTED_EDGE('',*,*,#695,.F.);
#398=ORIENTED_EDGE('',*,*,#696,.F.);
#399=ORIENTED_EDGE('',*,*,#693,.T.);
#400=ORIENTED_EDGE('',*,*,#695,.T.);
#401=ORIENTED_EDGE('',*,*,#697,.F.);
#402=ORIENTED_EDGE('',*,*,#698,.F.);
#403=ORIENTED_EDGE('',*,*,#699,.T.);
#404=ORIENTED_EDGE('',*,*,#686,.F.);
#405=ORIENTED_EDGE('',*,*,#700,.T.);
#406=ORIENTED_EDGE('',*,*,#685,.T.);
#407=ORIENTED_EDGE('',*,*,#688,.T.);
#408=ORIENTED_EDGE('',*,*,#690,.T.);
#409=ORIENTED_EDGE('',*,*,#692,.T.);
#410=ORIENTED_EDGE('',*,*,#694,.T.);
#411=ORIENTED_EDGE('',*,*,#696,.T.);
#412=ORIENTED_EDGE('',*,*,#700,.F.);
#413=ORIENTED_EDGE('',*,*,#559,.F.);
#414=ORIENTED_EDGE('',*,*,#701,.F.);
#415=ORIENTED_EDGE('',*,*,#702,.T.);
#416=ORIENTED_EDGE('',*,*,#703,.T.);
#417=ORIENTED_EDGE('',*,*,#650,.T.);
#418=ORIENTED_EDGE('',*,*,#704,.F.);
#419=ORIENTED_EDGE('',*,*,#705,.F.);
#420=ORIENTED_EDGE('',*,*,#701,.T.);
#421=ORIENTED_EDGE('',*,*,#661,.T.);
#422=ORIENTED_EDGE('',*,*,#706,.F.);
#423=ORIENTED_EDGE('',*,*,#707,.F.);
#424=ORIENTED_EDGE('',*,*,#704,.T.);
#425=ORIENTED_EDGE('',*,*,#561,.F.);
#426=ORIENTED_EDGE('',*,*,#708,.F.);
#427=ORIENTED_EDGE('',*,*,#709,.T.);
#428=ORIENTED_EDGE('',*,*,#706,.T.);
#429=ORIENTED_EDGE('',*,*,#560,.T.);
#430=ORIENTED_EDGE('',*,*,#703,.F.);
#431=ORIENTED_EDGE('',*,*,#710,.F.);
#432=ORIENTED_EDGE('',*,*,#708,.T.);
#433=ORIENTED_EDGE('',*,*,#711,.T.);
#434=ORIENTED_EDGE('',*,*,#712,.T.);
#435=ORIENTED_EDGE('',*,*,#702,.F.);
#436=ORIENTED_EDGE('',*,*,#705,.T.);
#437=ORIENTED_EDGE('',*,*,#707,.T.);
#438=ORIENTED_EDGE('',*,*,#709,.F.);
#439=ORIENTED_EDGE('',*,*,#710,.T.);
#440=ORIENTED_EDGE('',*,*,#711,.F.);
#441=ORIENTED_EDGE('',*,*,#568,.T.);
#442=ORIENTED_EDGE('',*,*,#713,.F.);
#443=ORIENTED_EDGE('',*,*,#714,.F.);
#444=ORIENTED_EDGE('',*,*,#715,.T.);
#445=ORIENTED_EDGE('',*,*,#567,.T.);
#446=ORIENTED_EDGE('',*,*,#716,.F.);
#447=ORIENTED_EDGE('',*,*,#717,.F.);
#448=ORIENTED_EDGE('',*,*,#713,.T.);
#449=ORIENTED_EDGE('',*,*,#663,.T.);
#450=ORIENTED_EDGE('',*,*,#718,.F.);
#451=ORIENTED_EDGE('',*,*,#719,.F.);
#452=ORIENTED_EDGE('',*,*,#716,.T.);
#453=ORIENTED_EDGE('',*,*,#718,.T.);
#454=ORIENTED_EDGE('',*,*,#720,.F.);
#455=ORIENTED_EDGE('',*,*,#721,.F.);
#456=ORIENTED_EDGE('',*,*,#722,.T.);
#457=ORIENTED_EDGE('',*,*,#723,.F.);
#458=ORIENTED_EDGE('',*,*,#724,.T.);
#459=ORIENTED_EDGE('',*,*,#656,.T.);
#460=ORIENTED_EDGE('',*,*,#725,.F.);
#461=ORIENTED_EDGE('',*,*,#726,.F.);
#462=ORIENTED_EDGE('',*,*,#723,.T.);
#463=ORIENTED_EDGE('',*,*,#569,.T.);
#464=ORIENTED_EDGE('',*,*,#715,.F.);
#465=ORIENTED_EDGE('',*,*,#727,.F.);
#466=ORIENTED_EDGE('',*,*,#725,.T.);
#467=ORIENTED_EDGE('',*,*,#714,.T.);
#468=ORIENTED_EDGE('',*,*,#717,.T.);
#469=ORIENTED_EDGE('',*,*,#719,.T.);
#470=ORIENTED_EDGE('',*,*,#724,.F.);
#471=ORIENTED_EDGE('',*,*,#726,.T.);
#472=ORIENTED_EDGE('',*,*,#727,.T.);
#473=ORIENTED_EDGE('',*,*,#657,.T.);
#474=ORIENTED_EDGE('',*,*,#722,.F.);
#475=ORIENTED_EDGE('',*,*,#728,.F.);
#476=ORIENTED_EDGE('',*,*,#729,.T.);
#477=ORIENTED_EDGE('',*,*,#662,.T.);
#478=ORIENTED_EDGE('',*,*,#729,.F.);
#479=ORIENTED_EDGE('',*,*,#730,.F.);
#480=ORIENTED_EDGE('',*,*,#720,.T.);
#481=ORIENTED_EDGE('',*,*,#728,.T.);
#482=ORIENTED_EDGE('',*,*,#721,.T.);
#483=ORIENTED_EDGE('',*,*,#730,.T.);
#484=ORIENTED_EDGE('',*,*,#654,.T.);
#485=ORIENTED_EDGE('',*,*,#680,.F.);
#486=ORIENTED_EDGE('',*,*,#731,.F.);
#487=ORIENTED_EDGE('',*,*,#678,.T.);
#488=ORIENTED_EDGE('',*,*,#679,.T.);
#489=ORIENTED_EDGE('',*,*,#731,.T.);
#490=ORIENTED_EDGE('',*,*,#665,.T.);
#491=ORIENTED_EDGE('',*,*,#699,.F.);
#492=ORIENTED_EDGE('',*,*,#732,.F.);
#493=ORIENTED_EDGE('',*,*,#697,.T.);
#494=ORIENTED_EDGE('',*,*,#698,.T.);
#495=ORIENTED_EDGE('',*,*,#732,.T.);
#496=ORIENTED_EDGE('',*,*,#712,.F.);
#497=ORIENTED_EDGE('',*,*,#539,.T.);
#498=ORIENTED_EDGE('',*,*,#733,.F.);
#499=ORIENTED_EDGE('',*,*,#733,.T.);
#500=ORIENTED_EDGE('',*,*,#538,.T.);
#501=ORIENTED_EDGE('',*,*,#734,.F.);
#502=ORIENTED_EDGE('',*,*,#734,.T.);
#503=ORIENTED_EDGE('',*,*,#537,.T.);
#504=ORIENTED_EDGE('',*,*,#735,.F.);
#505=ORIENTED_EDGE('',*,*,#735,.T.);
#506=ORIENTED_EDGE('',*,*,#536,.T.);
#507=ORIENTED_EDGE('',*,*,#736,.F.);
#508=ORIENTED_EDGE('',*,*,#736,.T.);
#509=ORIENTED_EDGE('',*,*,#737,.T.);
#510=ORIENTED_EDGE('',*,*,#535,.T.);
#511=ORIENTED_EDGE('',*,*,#738,.F.);
#512=ORIENTED_EDGE('',*,*,#577,.F.);
#513=ORIENTED_EDGE('',*,*,#549,.T.);
#514=ORIENTED_EDGE('',*,*,#528,.T.);
#515=ORIENTED_EDGE('',*,*,#737,.F.);
#516=ORIENTED_EDGE('',*,*,#576,.F.);
#517=ORIENTED_EDGE('',*,*,#738,.T.);
#518=ORIENTED_EDGE('',*,*,#534,.T.);
#519=ORIENTED_EDGE('',*,*,#541,.F.);
#520=ORIENTED_EDGE('',*,*,#578,.F.);
#521=EDGE_CURVE('',#739,#740,#881,.T.);
#522=EDGE_CURVE('',#740,#741,#882,.T.);
#523=EDGE_CURVE('',#741,#742,#883,.T.);
#524=EDGE_CURVE('',#742,#739,#884,.T.);
#525=EDGE_CURVE('',#743,#743,#43,.T.);
#526=EDGE_CURVE('',#744,#744,#44,.T.);
#527=EDGE_CURVE('',#745,#745,#45,.T.);
#528=EDGE_CURVE('',#746,#747,#885,.T.);
#529=EDGE_CURVE('',#746,#748,#886,.T.);
#530=EDGE_CURVE('',#749,#748,#887,.T.);
#531=EDGE_CURVE('',#750,#749,#888,.T.);
#532=EDGE_CURVE('',#750,#751,#889,.T.);
#533=EDGE_CURVE('',#751,#752,#890,.T.);
#534=EDGE_CURVE('',#753,#752,#891,.T.);
#535=EDGE_CURVE('',#747,#753,#892,.T.);
#536=EDGE_CURVE('',#754,#754,#46,.T.);
#537=EDGE_CURVE('',#755,#755,#47,.T.);
#538=EDGE_CURVE('',#756,#756,#48,.T.);
#539=EDGE_CURVE('',#757,#757,#49,.T.);
#540=EDGE_CURVE('',#758,#759,#893,.T.);
#541=EDGE_CURVE('',#759,#752,#894,.T.);
#542=EDGE_CURVE('',#751,#760,#50,.T.);
#543=EDGE_CURVE('',#761,#760,#895,.T.);
#544=EDGE_CURVE('',#761,#762,#51,.T.);
#545=EDGE_CURVE('',#762,#763,#896,.T.);
#546=EDGE_CURVE('',#763,#764,#52,.T.);
#547=EDGE_CURVE('',#764,#765,#897,.T.);
#548=EDGE_CURVE('',#765,#748,#53,.T.);
#549=EDGE_CURVE('',#766,#746,#898,.T.);
#550=EDGE_CURVE('',#766,#767,#899,.T.);
#551=EDGE_CURVE('',#768,#767,#54,.T.);
#552=EDGE_CURVE('',#768,#769,#900,.T.);
#553=EDGE_CURVE('',#770,#769,#55,.T.);
#554=EDGE_CURVE('',#771,#770,#901,.T.);
#555=EDGE_CURVE('',#772,#771,#56,.T.);
#556=EDGE_CURVE('',#773,#772,#902,.T.);
#557=EDGE_CURVE('',#758,#773,#57,.T.);
#558=EDGE_CURVE('',#774,#775,#903,.T.);
#559=EDGE_CURVE('',#775,#776,#904,.T.);
#560=EDGE_CURVE('',#777,#776,#58,.T.);
#561=EDGE_CURVE('',#777,#778,#905,.T.);
#562=EDGE_CURVE('',#778,#779,#906,.T.);
#563=EDGE_CURVE('',#780,#779,#907,.T.);
#564=EDGE_CURVE('',#781,#780,#59,.T.);
#565=EDGE_CURVE('',#782,#781,#908,.T.);
#566=EDGE_CURVE('',#782,#783,#909,.T.);
#567=EDGE_CURVE('',#784,#783,#910,.T.);
#568=EDGE_CURVE('',#785,#784,#60,.T.);
#569=EDGE_CURVE('',#786,#785,#911,.T.);
#570=EDGE_CURVE('',#786,#787,#912,.T.);
#571=EDGE_CURVE('',#787,#788,#913,.T.);
#572=EDGE_CURVE('',#789,#788,#61,.T.);
#573=EDGE_CURVE('',#774,#789,#914,.T.);
#574=EDGE_CURVE('',#790,#790,#62,.T.);
#575=EDGE_CURVE('',#791,#791,#63,.T.);
#576=EDGE_CURVE('',#766,#792,#915,.T.);
#577=EDGE_CURVE('',#792,#793,#916,.T.);
#578=EDGE_CURVE('',#793,#759,#917,.T.);
#579=EDGE_CURVE('',#758,#794,#918,.T.);
#580=EDGE_CURVE('',#794,#795,#919,.T.);
#581=EDGE_CURVE('',#767,#795,#920,.T.);
#582=EDGE_CURVE('',#796,#796,#64,.T.);
#583=EDGE_CURVE('',#797,#798,#921,.T.);
#584=EDGE_CURVE('',#797,#799,#922,.T.);
#585=EDGE_CURVE('',#799,#800,#923,.T.);
#586=EDGE_CURVE('',#798,#800,#924,.T.);
#587=EDGE_CURVE('',#801,#802,#925,.T.);
#588=EDGE_CURVE('',#802,#803,#926,.T.);
#589=EDGE_CURVE('',#803,#804,#927,.T.);
#590=EDGE_CURVE('',#804,#801,#928,.T.);
#591=EDGE_CURVE('',#805,#765,#929,.T.);
#592=EDGE_CURVE('',#806,#764,#930,.T.);
#593=EDGE_CURVE('',#806,#805,#931,.T.);
#594=EDGE_CURVE('',#768,#807,#932,.T.);
#595=EDGE_CURVE('',#807,#808,#933,.T.);
#596=EDGE_CURVE('',#769,#808,#934,.T.);
#597=EDGE_CURVE('',#809,#810,#935,.T.);
#598=EDGE_CURVE('',#809,#811,#936,.T.);
#599=EDGE_CURVE('',#811,#812,#937,.T.);
#600=EDGE_CURVE('',#810,#812,#938,.T.);
#601=EDGE_CURVE('',#813,#763,#939,.T.);
#602=EDGE_CURVE('',#814,#762,#940,.T.);
#603=EDGE_CURVE('',#814,#813,#941,.T.);
#604=EDGE_CURVE('',#813,#806,#65,.T.);
#605=EDGE_CURVE('',#805,#749,#66,.T.);
#606=EDGE_CURVE('',#815,#760,#942,.T.);
#607=EDGE_CURVE('',#750,#815,#67,.T.);
#608=EDGE_CURVE('',#816,#761,#943,.T.);
#609=EDGE_CURVE('',#816,#815,#944,.T.);
#610=EDGE_CURVE('',#816,#814,#68,.T.);
#611=EDGE_CURVE('',#817,#818,#12,.F.);
#612=EDGE_CURVE('',#818,#794,#13,.T.);
#613=EDGE_CURVE('',#773,#817,#945,.T.);
#614=EDGE_CURVE('',#795,#819,#14,.T.);
#615=EDGE_CURVE('',#819,#807,#15,.T.);
#616=EDGE_CURVE('',#808,#820,#16,.T.);
#617=EDGE_CURVE('',#820,#821,#17,.F.);
#618=EDGE_CURVE('',#770,#821,#946,.T.);
#619=EDGE_CURVE('',#821,#822,#947,.T.);
#620=EDGE_CURVE('',#771,#822,#948,.T.);
#621=EDGE_CURVE('',#822,#823,#18,.F.);
#622=EDGE_CURVE('',#823,#824,#19,.F.);
#623=EDGE_CURVE('',#772,#824,#949,.T.);
#624=EDGE_CURVE('',#824,#817,#950,.T.);
#625=EDGE_CURVE('',#810,#825,#951,.T.);
#626=EDGE_CURVE('',#825,#826,#952,.T.);
#627=EDGE_CURVE('',#809,#826,#953,.T.);
#628=EDGE_CURVE('',#826,#827,#954,.T.);
#629=EDGE_CURVE('',#811,#827,#955,.T.);
#630=EDGE_CURVE('',#827,#828,#956,.T.);
#631=EDGE_CURVE('',#812,#828,#957,.T.);
#632=EDGE_CURVE('',#828,#825,#958,.T.);
#633=EDGE_CURVE('',#801,#825,#959,.T.);
#634=EDGE_CURVE('',#826,#804,#960,.T.);
#635=EDGE_CURVE('',#827,#803,#961,.F.);
#636=EDGE_CURVE('',#802,#828,#962,.T.);
#637=EDGE_CURVE('',#798,#829,#963,.T.);
#638=EDGE_CURVE('',#829,#830,#964,.T.);
#639=EDGE_CURVE('',#797,#830,#965,.T.);
#640=EDGE_CURVE('',#830,#831,#966,.T.);
#641=EDGE_CURVE('',#799,#831,#967,.T.);
#642=EDGE_CURVE('',#831,#832,#968,.T.);
#643=EDGE_CURVE('',#800,#832,#969,.T.);
#644=EDGE_CURVE('',#832,#829,#970,.T.);
#645=EDGE_CURVE('',#831,#741,#971,.T.);
#646=EDGE_CURVE('',#740,#832,#972,.F.);
#647=EDGE_CURVE('',#742,#830,#973,.F.);
#648=EDGE_CURVE('',#829,#739,#974,.T.);
#649=EDGE_CURVE('',#833,#823,#975,.T.);
#650=EDGE_CURVE('',#775,#833,#976,.T.);
#651=EDGE_CURVE('',#834,#774,#977,.T.);
#652=EDGE_CURVE('',#818,#834,#978,.T.);
#653=EDGE_CURVE('',#835,#834,#979,.T.);
#654=EDGE_CURVE('',#836,#835,#980,.T.);
#655=EDGE_CURVE('',#787,#836,#981,.T.);
#656=EDGE_CURVE('',#837,#786,#982,.T.);
#657=EDGE_CURVE('',#838,#837,#983,.T.);
#658=EDGE_CURVE('',#819,#838,#984,.F.);
#659=EDGE_CURVE('',#839,#820,#985,.T.);
#660=EDGE_CURVE('',#779,#839,#986,.T.);
#661=EDGE_CURVE('',#833,#778,#987,.T.);
#662=EDGE_CURVE('',#840,#838,#988,.T.);
#663=EDGE_CURVE('',#783,#840,#989,.T.);
#664=EDGE_CURVE('',#841,#782,#990,.T.);
#665=EDGE_CURVE('',#842,#841,#991,.T.);
#666=EDGE_CURVE('',#839,#842,#992,.T.);
#667=EDGE_CURVE('',#843,#774,#993,.T.);
#668=EDGE_CURVE('',#844,#843,#994,.T.);
#669=EDGE_CURVE('',#844,#834,#995,.T.);
#670=EDGE_CURVE('',#845,#789,#996,.T.);
#671=EDGE_CURVE('',#843,#845,#997,.T.);
#672=EDGE_CURVE('',#846,#788,#998,.T.);
#673=EDGE_CURVE('',#845,#846,#69,.T.);
#674=EDGE_CURVE('',#847,#787,#999,.T.);
#675=EDGE_CURVE('',#847,#846,#1000,.T.);
#676=EDGE_CURVE('',#848,#836,#1001,.T.);
#677=EDGE_CURVE('',#847,#848,#1002,.T.);
#678=EDGE_CURVE('',#849,#836,#1003,.T.);
#679=EDGE_CURVE('',#850,#849,#70,.T.);
#680=EDGE_CURVE('',#850,#835,#1004,.T.);
#681=EDGE_CURVE('',#851,#835,#1005,.T.);
#682=EDGE_CURVE('',#851,#848,#71,.T.);
#683=EDGE_CURVE('',#851,#844,#1006,.T.);
#684=EDGE_CURVE('',#852,#782,#1007,.T.);
#685=EDGE_CURVE('',#853,#852,#1008,.T.);
#686=EDGE_CURVE('',#853,#841,#1009,.T.);
#687=EDGE_CURVE('',#854,#781,#1010,.T.);
#688=EDGE_CURVE('',#852,#854,#1011,.T.);
#689=EDGE_CURVE('',#855,#780,#1012,.T.);
#690=EDGE_CURVE('',#854,#855,#72,.T.);
#691=EDGE_CURVE('',#856,#779,#1013,.T.);
#692=EDGE_CURVE('',#855,#856,#1014,.T.);
#693=EDGE_CURVE('',#857,#839,#1015,.T.);
#694=EDGE_CURVE('',#856,#857,#1016,.T.);
#695=EDGE_CURVE('',#858,#842,#1017,.T.);
#696=EDGE_CURVE('',#857,#858,#1018,.T.);
#697=EDGE_CURVE('',#859,#842,#1019,.T.);
#698=EDGE_CURVE('',#860,#859,#73,.T.);
#699=EDGE_CURVE('',#860,#841,#1020,.T.);
#700=EDGE_CURVE('',#853,#858,#74,.T.);
#701=EDGE_CURVE('',#861,#775,#1021,.T.);
#702=EDGE_CURVE('',#861,#862,#1022,.T.);
#703=EDGE_CURVE('',#862,#776,#1023,.T.);
#704=EDGE_CURVE('',#863,#833,#1024,.T.);
#705=EDGE_CURVE('',#861,#863,#1025,.T.);
#706=EDGE_CURVE('',#864,#778,#1026,.T.);
#707=EDGE_CURVE('',#863,#864,#1027,.T.);
#708=EDGE_CURVE('',#865,#777,#1028,.T.);
#709=EDGE_CURVE('',#865,#864,#1029,.T.);
#710=EDGE_CURVE('',#865,#862,#75,.T.);
#711=EDGE_CURVE('',#866,#866,#76,.T.);
#712=EDGE_CURVE('',#867,#867,#77,.F.);
#713=EDGE_CURVE('',#868,#784,#1030,.T.);
#714=EDGE_CURVE('',#869,#868,#78,.T.);
#715=EDGE_CURVE('',#869,#785,#1031,.T.);
#716=EDGE_CURVE('',#870,#783,#1032,.T.);
#717=EDGE_CURVE('',#868,#870,#1033,.T.);
#718=EDGE_CURVE('',#871,#840,#1034,.T.);
#719=EDGE_CURVE('',#870,#871,#1035,.T.);
#720=EDGE_CURVE('',#872,#840,#1036,.T.);
#721=EDGE_CURVE('',#873,#872,#79,.T.);
#722=EDGE_CURVE('',#873,#837,#1037,.T.);
#723=EDGE_CURVE('',#874,#837,#1038,.T.);
#724=EDGE_CURVE('',#874,#871,#80,.T.);
#725=EDGE_CURVE('',#875,#786,#1039,.T.);
#726=EDGE_CURVE('',#874,#875,#1040,.T.);
#727=EDGE_CURVE('',#875,#869,#1041,.T.);
#728=EDGE_CURVE('',#876,#873,#1042,.T.);
#729=EDGE_CURVE('',#876,#838,#1043,.T.);
#730=EDGE_CURVE('',#872,#876,#1044,.T.);
#731=EDGE_CURVE('',#849,#850,#1045,.T.);
#732=EDGE_CURVE('',#859,#860,#1046,.T.);
#733=EDGE_CURVE('',#877,#877,#81,.T.);
#734=EDGE_CURVE('',#878,#878,#82,.T.);
#735=EDGE_CURVE('',#879,#879,#83,.T.);
#736=EDGE_CURVE('',#880,#880,#84,.T.);
#737=EDGE_CURVE('',#792,#747,#1047,.T.);
#738=EDGE_CURVE('',#793,#753,#1048,.T.);
#739=VERTEX_POINT('',#2213);
#740=VERTEX_POINT('',#2214);
#741=VERTEX_POINT('',#2216);
#742=VERTEX_POINT('',#2218);
#743=VERTEX_POINT('',#2221);
#744=VERTEX_POINT('',#2223);
#745=VERTEX_POINT('',#2225);
#746=VERTEX_POINT('',#2227);
#747=VERTEX_POINT('',#2228);
#748=VERTEX_POINT('',#2230);
#749=VERTEX_POINT('',#2232);
#750=VERTEX_POINT('',#2234);
#751=VERTEX_POINT('',#2236);
#752=VERTEX_POINT('',#2238);
#753=VERTEX_POINT('',#2240);
#754=VERTEX_POINT('',#2244);
#755=VERTEX_POINT('',#2246);
#756=VERTEX_POINT('',#2248);
#757=VERTEX_POINT('',#2250);
#758=VERTEX_POINT('',#2252);
#759=VERTEX_POINT('',#2253);
#760=VERTEX_POINT('',#2256);
#761=VERTEX_POINT('',#2258);
#762=VERTEX_POINT('',#2260);
#763=VERTEX_POINT('',#2262);
#764=VERTEX_POINT('',#2264);
#765=VERTEX_POINT('',#2266);
#766=VERTEX_POINT('',#2269);
#767=VERTEX_POINT('',#2271);
#768=VERTEX_POINT('',#2273);
#769=VERTEX_POINT('',#2275);
#770=VERTEX_POINT('',#2277);
#771=VERTEX_POINT('',#2279);
#772=VERTEX_POINT('',#2281);
#773=VERTEX_POINT('',#2283);
#774=VERTEX_POINT('',#2287);
#775=VERTEX_POINT('',#2288);
#776=VERTEX_POINT('',#2290);
#777=VERTEX_POINT('',#2292);
#778=VERTEX_POINT('',#2294);
#779=VERTEX_POINT('',#2296);
#780=VERTEX_POINT('',#2298);
#781=VERTEX_POINT('',#2300);
#782=VERTEX_POINT('',#2302);
#783=VERTEX_POINT('',#2304);
#784=VERTEX_POINT('',#2306);
#785=VERTEX_POINT('',#2308);
#786=VERTEX_POINT('',#2310);
#787=VERTEX_POINT('',#2312);
#788=VERTEX_POINT('',#2314);
#789=VERTEX_POINT('',#2316);
#790=VERTEX_POINT('',#2320);
#791=VERTEX_POINT('',#2322);
#792=VERTEX_POINT('',#2324);
#793=VERTEX_POINT('',#2326);
#794=VERTEX_POINT('',#2329);
#795=VERTEX_POINT('',#2331);
#796=VERTEX_POINT('',#2334);
#797=VERTEX_POINT('',#2336);
#798=VERTEX_POINT('',#2337);
#799=VERTEX_POINT('',#2339);
#800=VERTEX_POINT('',#2341);
#801=VERTEX_POINT('',#2345);
#802=VERTEX_POINT('',#2346);
#803=VERTEX_POINT('',#2348);
#804=VERTEX_POINT('',#2350);
#805=VERTEX_POINT('',#2353);
#806=VERTEX_POINT('',#2355);
#807=VERTEX_POINT('',#2359);
#808=VERTEX_POINT('',#2361);
#809=VERTEX_POINT('',#2364);
#810=VERTEX_POINT('',#2365);
#811=VERTEX_POINT('',#2367);
#812=VERTEX_POINT('',#2369);
#813=VERTEX_POINT('',#2373);
#814=VERTEX_POINT('',#2375);
#815=VERTEX_POINT('',#2383);
#816=VERTEX_POINT('',#2387);
#817=VERTEX_POINT('',#2394);
#818=VERTEX_POINT('',#2395);
#819=VERTEX_POINT('',#2400);
#820=VERTEX_POINT('',#2404);
#821=VERTEX_POINT('',#2406);
#822=VERTEX_POINT('',#2410);
#823=VERTEX_POINT('',#2414);
#824=VERTEX_POINT('',#2416);
#825=VERTEX_POINT('',#2422);
#826=VERTEX_POINT('',#2424);
#827=VERTEX_POINT('',#2428);
#828=VERTEX_POINT('',#2432);
#829=VERTEX_POINT('',#2447);
#830=VERTEX_POINT('',#2449);
#831=VERTEX_POINT('',#2453);
#832=VERTEX_POINT('',#2457);
#833=VERTEX_POINT('',#2471);
#834=VERTEX_POINT('',#2474);
#835=VERTEX_POINT('',#2478);
#836=VERTEX_POINT('',#2480);
#837=VERTEX_POINT('',#2483);
#838=VERTEX_POINT('',#2485);
#839=VERTEX_POINT('',#2489);
#840=VERTEX_POINT('',#2494);
#841=VERTEX_POINT('',#2497);
#842=VERTEX_POINT('',#2499);
#843=VERTEX_POINT('',#2505);
#844=VERTEX_POINT('',#2507);
#845=VERTEX_POINT('',#2511);
#846=VERTEX_POINT('',#2515);
#847=VERTEX_POINT('',#2519);
#848=VERTEX_POINT('',#2523);
#849=VERTEX_POINT('',#2527);
#850=VERTEX_POINT('',#2529);
#851=VERTEX_POINT('',#2532);
#852=VERTEX_POINT('',#2539);
#853=VERTEX_POINT('',#2541);
#854=VERTEX_POINT('',#2545);
#855=VERTEX_POINT('',#2549);
#856=VERTEX_POINT('',#2553);
#857=VERTEX_POINT('',#2557);
#858=VERTEX_POINT('',#2561);
#859=VERTEX_POINT('',#2565);
#860=VERTEX_POINT('',#2567);
#861=VERTEX_POINT('',#2573);
#862=VERTEX_POINT('',#2575);
#863=VERTEX_POINT('',#2579);
#864=VERTEX_POINT('',#2583);
#865=VERTEX_POINT('',#2587);
#866=VERTEX_POINT('',#2593);
#867=VERTEX_POINT('',#2595);
#868=VERTEX_POINT('',#2599);
#869=VERTEX_POINT('',#2601);
#870=VERTEX_POINT('',#2605);
#871=VERTEX_POINT('',#2609);
#872=VERTEX_POINT('',#2613);
#873=VERTEX_POINT('',#2615);
#874=VERTEX_POINT('',#2618);
#875=VERTEX_POINT('',#2622);
#876=VERTEX_POINT('',#2629);
#877=VERTEX_POINT('',#2643);
#878=VERTEX_POINT('',#2647);
#879=VERTEX_POINT('',#2651);
#880=VERTEX_POINT('',#2655);
#881=LINE('',#2212,#1049);
#882=LINE('',#2215,#1050);
#883=LINE('',#2217,#1051);
#884=LINE('',#2219,#1052);
#885=LINE('',#2226,#1053);
#886=LINE('',#2229,#1054);
#887=LINE('',#2231,#1055);
#888=LINE('',#2233,#1056);
#889=LINE('',#2235,#1057);
#890=LINE('',#2237,#1058);
#891=LINE('',#2239,#1059);
#892=LINE('',#2241,#1060);
#893=LINE('',#2251,#1061);
#894=LINE('',#2254,#1062);
#895=LINE('',#2257,#1063);
#896=LINE('',#2261,#1064);
#897=LINE('',#2265,#1065);
#898=LINE('',#2268,#1066);
#899=LINE('',#2270,#1067);
#900=LINE('',#2274,#1068);
#901=LINE('',#2278,#1069);
#902=LINE('',#2282,#1070);
#903=LINE('',#2286,#1071);
#904=LINE('',#2289,#1072);
#905=LINE('',#2293,#1073);
#906=LINE('',#2295,#1074);
#907=LINE('',#2297,#1075);
#908=LINE('',#2301,#1076);
#909=LINE('',#2303,#1077);
#910=LINE('',#2305,#1078);
#911=LINE('',#2309,#1079);
#912=LINE('',#2311,#1080);
#913=LINE('',#2313,#1081);
#914=LINE('',#2317,#1082);
#915=LINE('',#2323,#1083);
#916=LINE('',#2325,#1084);
#917=LINE('',#2327,#1085);
#918=LINE('',#2328,#1086);
#919=LINE('',#2330,#1087);
#920=LINE('',#2332,#1088);
#921=LINE('',#2335,#1089);
#922=LINE('',#2338,#1090);
#923=LINE('',#2340,#1091);
#924=LINE('',#2342,#1092);
#925=LINE('',#2344,#1093);
#926=LINE('',#2347,#1094);
#927=LINE('',#2349,#1095);
#928=LINE('',#2351,#1096);
#929=LINE('',#2352,#1097);
#930=LINE('',#2354,#1098);
#931=LINE('',#2356,#1099);
#932=LINE('',#2358,#1100);
#933=LINE('',#2360,#1101);
#934=LINE('',#2362,#1102);
#935=LINE('',#2363,#1103);
#936=LINE('',#2366,#1104);
#937=LINE('',#2368,#1105);
#938=LINE('',#2370,#1106);
#939=LINE('',#2372,#1107);
#940=LINE('',#2374,#1108);
#941=LINE('',#2376,#1109);
#942=LINE('',#2382,#1110);
#943=LINE('',#2386,#1111);
#944=LINE('',#2388,#1112);
#945=LINE('',#2397,#1113);
#946=LINE('',#2407,#1114);
#947=LINE('',#2409,#1115);
#948=LINE('',#2411,#1116);
#949=LINE('',#2417,#1117);
#950=LINE('',#2419,#1118);
#951=LINE('',#2421,#1119);
#952=LINE('',#2423,#1120);
#953=LINE('',#2425,#1121);
#954=LINE('',#2427,#1122);
#955=LINE('',#2429,#1123);
#956=LINE('',#2431,#1124);
#957=LINE('',#2433,#1125);
#958=LINE('',#2435,#1126);
#959=LINE('',#2437,#1127);
#960=LINE('',#2438,#1128);
#961=LINE('',#2440,#1129);
#962=LINE('',#2442,#1130);
#963=LINE('',#2446,#1131);
#964=LINE('',#2448,#1132);
#965=LINE('',#2450,#1133);
#966=LINE('',#2452,#1134);
#967=LINE('',#2454,#1135);
#968=LINE('',#2456,#1136);
#969=LINE('',#2458,#1137);
#970=LINE('',#2460,#1138);
#971=LINE('',#2464,#1139);
#972=LINE('',#2465,#1140);
#973=LINE('',#2467,#1141);
#974=LINE('',#2468,#1142);
#975=LINE('',#2470,#1143);
#976=LINE('',#2472,#1144);
#977=LINE('',#2473,#1145);
#978=LINE('',#2475,#1146);
#979=LINE('',#2477,#1147);
#980=LINE('',#2479,#1148);
#981=LINE('',#2481,#1149);
#982=LINE('',#2482,#1150);
#983=LINE('',#2484,#1151);
#984=LINE('',#2486,#1152);
#985=LINE('',#2488,#1153);
#986=LINE('',#2490,#1154);
#987=LINE('',#2491,#1155);
#988=LINE('',#2493,#1156);
#989=LINE('',#2495,#1157);
#990=LINE('',#2496,#1158);
#991=LINE('',#2498,#1159);
#992=LINE('',#2500,#1160);
#993=LINE('',#2504,#1161);
#994=LINE('',#2506,#1162);
#995=LINE('',#2508,#1163);
#996=LINE('',#2510,#1164);
#997=LINE('',#2512,#1165);
#998=LINE('',#2514,#1166);
#999=LINE('',#2518,#1167);
#1000=LINE('',#2520,#1168);
#1001=LINE('',#2522,#1169);
#1002=LINE('',#2524,#1170);
#1003=LINE('',#2526,#1171);
#1004=LINE('',#2530,#1172);
#1005=LINE('',#2531,#1173);
#1006=LINE('',#2535,#1174);
#1007=LINE('',#2538,#1175);
#1008=LINE('',#2540,#1176);
#1009=LINE('',#2542,#1177);
#1010=LINE('',#2544,#1178);
#1011=LINE('',#2546,#1179);
#1012=LINE('',#2548,#1180);
#1013=LINE('',#2552,#1181);
#1014=LINE('',#2554,#1182);
#1015=LINE('',#2556,#1183);
#1016=LINE('',#2558,#1184);
#1017=LINE('',#2560,#1185);
#1018=LINE('',#2562,#1186);
#1019=LINE('',#2564,#1187);
#1020=LINE('',#2568,#1188);
#1021=LINE('',#2572,#1189);
#1022=LINE('',#2574,#1190);
#1023=LINE('',#2576,#1191);
#1024=LINE('',#2578,#1192);
#1025=LINE('',#2580,#1193);
#1026=LINE('',#2582,#1194);
#1027=LINE('',#2584,#1195);
#1028=LINE('',#2586,#1196);
#1029=LINE('',#2588,#1197);
#1030=LINE('',#2598,#1198);
#1031=LINE('',#2602,#1199);
#1032=LINE('',#2604,#1200);
#1033=LINE('',#2606,#1201);
#1034=LINE('',#2608,#1202);
#1035=LINE('',#2610,#1203);
#1036=LINE('',#2612,#1204);
#1037=LINE('',#2616,#1205);
#1038=LINE('',#2617,#1206);
#1039=LINE('',#2621,#1207);
#1040=LINE('',#2623,#1208);
#1041=LINE('',#2625,#1209);
#1042=LINE('',#2628,#1210);
#1043=LINE('',#2630,#1211);
#1044=LINE('',#2632,#1212);
#1045=LINE('',#2635,#1213);
#1046=LINE('',#2638,#1214);
#1047=LINE('',#2658,#1215);
#1048=LINE('',#2659,#1216);
#1049=VECTOR('',#1762,1.);
#1050=VECTOR('',#1763,1.);
#1051=VECTOR('',#1764,1.);
#1052=VECTOR('',#1765,1.);
#1053=VECTOR('',#1772,1.);
#1054=VECTOR('',#1773,1.);
#1055=VECTOR('',#1774,1.);
#1056=VECTOR('',#1775,1.);
#1057=VECTOR('',#1776,1.);
#1058=VECTOR('',#1777,1.);
#1059=VECTOR('',#1778,1.);
#1060=VECTOR('',#1779,1.);
#1061=VECTOR('',#1790,1.);
#1062=VECTOR('',#1791,1.);
#1063=VECTOR('',#1794,1.);
#1064=VECTOR('',#1797,1.);
#1065=VECTOR('',#1800,1.);
#1066=VECTOR('',#1803,1.);
#1067=VECTOR('',#1804,1.);
#1068=VECTOR('',#1807,1.);
#1069=VECTOR('',#1810,1.);
#1070=VECTOR('',#1813,1.);
#1071=VECTOR('',#1818,1.);
#1072=VECTOR('',#1819,1.);
#1073=VECTOR('',#1822,1.);
#1074=VECTOR('',#1823,1.);
#1075=VECTOR('',#1824,1.);
#1076=VECTOR('',#1827,1.);
#1077=VECTOR('',#1828,1.);
#1078=VECTOR('',#1829,1.);
#1079=VECTOR('',#1832,1.);
#1080=VECTOR('',#1833,1.);
#1081=VECTOR('',#1834,1.);
#1082=VECTOR('',#1837,1.);
#1083=VECTOR('',#1844,1.);
#1084=VECTOR('',#1845,1.);
#1085=VECTOR('',#1846,1.);
#1086=VECTOR('',#1847,1.);
#1087=VECTOR('',#1848,1.);
#1088=VECTOR('',#1849,1.);
#1089=VECTOR('',#1852,1.);
#1090=VECTOR('',#1853,1.);
#1091=VECTOR('',#1854,1.);
#1092=VECTOR('',#1855,1.);
#1093=VECTOR('',#1858,1.);
#1094=VECTOR('',#1859,1.);
#1095=VECTOR('',#1860,1.);
#1096=VECTOR('',#1861,1.);
#1097=VECTOR('',#1862,1.);
#1098=VECTOR('',#1863,1.);
#1099=VECTOR('',#1864,1.);
#1100=VECTOR('',#1867,1.);
#1101=VECTOR('',#1868,1.);
#1102=VECTOR('',#1869,1.);
#1103=VECTOR('',#1870,1.);
#1104=VECTOR('',#1871,1.);
#1105=VECTOR('',#1872,1.);
#1106=VECTOR('',#1873,1.);
#1107=VECTOR('',#1876,1.);
#1108=VECTOR('',#1877,1.);
#1109=VECTOR('',#1878,1.);
#1110=VECTOR('',#1889,1.);
#1111=VECTOR('',#1894,1.);
#1112=VECTOR('',#1895,1.);
#1113=VECTOR('',#1908,1.);
#1114=VECTOR('',#1921,1.);
#1115=VECTOR('',#1924,1.);
#1116=VECTOR('',#1925,1.);
#1117=VECTOR('',#1932,1.);
#1118=VECTOR('',#1935,1.);
#1119=VECTOR('',#1938,1.);
#1120=VECTOR('',#1939,1.);
#1121=VECTOR('',#1940,1.);
#1122=VECTOR('',#1943,1.);
#1123=VECTOR('',#1944,1.);
#1124=VECTOR('',#1947,1.);
#1125=VECTOR('',#1948,1.);
#1126=VECTOR('',#1951,1.);
#1127=VECTOR('',#1954,1.);
#1128=VECTOR('',#1955,1.);
#1129=VECTOR('',#1958,1.);
#1130=VECTOR('',#1961,1.);
#1131=VECTOR('',#1968,1.);
#1132=VECTOR('',#1969,1.);
#1133=VECTOR('',#1970,1.);
#1134=VECTOR('',#1973,1.);
#1135=VECTOR('',#1974,1.);
#1136=VECTOR('',#1977,1.);
#1137=VECTOR('',#1978,1.);
#1138=VECTOR('',#1981,1.);
#1139=VECTOR('',#1988,1.);
#1140=VECTOR('',#1989,1.);
#1141=VECTOR('',#1992,1.);
#1142=VECTOR('',#1993,1.);
#1143=VECTOR('',#1996,1.);
#1144=VECTOR('',#1997,1.);
#1145=VECTOR('',#1998,1.);
#1146=VECTOR('',#1999,1.);
#1147=VECTOR('',#2002,1.);
#1148=VECTOR('',#2003,1.);
#1149=VECTOR('',#2004,1.);
#1150=VECTOR('',#2005,1.);
#1151=VECTOR('',#2006,1.);
#1152=VECTOR('',#2007,1.);
#1153=VECTOR('',#2010,1.);
#1154=VECTOR('',#2011,1.);
#1155=VECTOR('',#2012,1.);
#1156=VECTOR('',#2015,1.);
#1157=VECTOR('',#2016,1.);
#1158=VECTOR('',#2017,1.);
#1159=VECTOR('',#2018,1.);
#1160=VECTOR('',#2019,1.);
#1161=VECTOR('',#2026,1.);
#1162=VECTOR('',#2027,1.);
#1163=VECTOR('',#2028,1.);
#1164=VECTOR('',#2031,1.);
#1165=VECTOR('',#2032,1.);
#1166=VECTOR('',#2035,1.);
#1167=VECTOR('',#2040,1.);
#1168=VECTOR('',#2041,1.);
#1169=VECTOR('',#2044,1.);
#1170=VECTOR('',#2045,1.);
#1171=VECTOR('',#2048,1.);
#1172=VECTOR('',#2051,1.);
#1173=VECTOR('',#2052,1.);
#1174=VECTOR('',#2057,1.);
#1175=VECTOR('',#2062,1.);
#1176=VECTOR('',#2063,1.);
#1177=VECTOR('',#2064,1.);
#1178=VECTOR('',#2067,1.);
#1179=VECTOR('',#2068,1.);
#1180=VECTOR('',#2071,1.);
#1181=VECTOR('',#2076,1.);
#1182=VECTOR('',#2077,1.);
#1183=VECTOR('',#2080,1.);
#1184=VECTOR('',#2081,1.);
#1185=VECTOR('',#2084,1.);
#1186=VECTOR('',#2085,1.);
#1187=VECTOR('',#2088,1.);
#1188=VECTOR('',#2091,1.);
#1189=VECTOR('',#2098,1.);
#1190=VECTOR('',#2099,1.);
#1191=VECTOR('',#2100,1.);
#1192=VECTOR('',#2103,1.);
#1193=VECTOR('',#2104,1.);
#1194=VECTOR('',#2107,1.);
#1195=VECTOR('',#2108,1.);
#1196=VECTOR('',#2111,1.);
#1197=VECTOR('',#2112,1.);
#1198=VECTOR('',#2127,1.);
#1199=VECTOR('',#2130,1.);
#1200=VECTOR('',#2133,1.);
#1201=VECTOR('',#2134,1.);
#1202=VECTOR('',#2137,1.);
#1203=VECTOR('',#2138,1.);
#1204=VECTOR('',#2141,1.);
#1205=VECTOR('',#2144,1.);
#1206=VECTOR('',#2145,1.);
#1207=VECTOR('',#2150,1.);
#1208=VECTOR('',#2151,1.);
#1209=VECTOR('',#2154,1.);
#1210=VECTOR('',#2159,1.);
#1211=VECTOR('',#2160,1.);
#1212=VECTOR('',#2163,1.);
#1213=VECTOR('',#2168,1.);
#1214=VECTOR('',#2173,1.);
#1215=VECTOR('',#2204,1.);
#1216=VECTOR('',#2205,1.);
#1217=EDGE_LOOP('',(#85,#86,#87,#88));
#1218=EDGE_LOOP('',(#89));
#1219=EDGE_LOOP('',(#90));
#1220=EDGE_LOOP('',(#91));
#1221=EDGE_LOOP('',(#92,#93,#94,#95,#96,#97,#98,#99));
#1222=EDGE_LOOP('',(#100));
#1223=EDGE_LOOP('',(#101));
#1224=EDGE_LOOP('',(#102));
#1225=EDGE_LOOP('',(#103));
#1226=EDGE_LOOP('',(#104,#105,#106,#107,#108,#109,#110,#111,#112,#113,#114,
#115,#116,#117,#118,#119,#120,#121,#122,#123));
#1227=EDGE_LOOP('',(#124,#125,#126,#127,#128,#129,#130,#131,#132,#133,#134,
#135,#136,#137,#138,#139));
#1228=EDGE_LOOP('',(#140));
#1229=EDGE_LOOP('',(#141));
#1230=EDGE_LOOP('',(#142,#143,#144,#145,#146,#147,#148,#149));
#1231=EDGE_LOOP('',(#150));
#1232=EDGE_LOOP('',(#151,#152,#153,#154));
#1233=EDGE_LOOP('',(#155,#156,#157,#158));
#1234=EDGE_LOOP('',(#159,#160,#161,#162));
#1235=EDGE_LOOP('',(#163,#164,#165,#166));
#1236=EDGE_LOOP('',(#167,#168,#169,#170));
#1237=EDGE_LOOP('',(#171,#172,#173,#174));
#1238=EDGE_LOOP('',(#175,#176,#177,#178));
#1239=EDGE_LOOP('',(#179,#180,#181,#182));
#1240=EDGE_LOOP('',(#183,#184,#185,#186));
#1241=EDGE_LOOP('',(#187,#188,#189,#190));
#1242=EDGE_LOOP('',(#191,#192,#193,#194));
#1243=EDGE_LOOP('',(#195,#196,#197,#198,#199,#200,#201,#202));
#1244=EDGE_LOOP('',(#203,#204,#205,#206,#207));
#1245=EDGE_LOOP('',(#208,#209,#210,#211,#212));
#1246=EDGE_LOOP('',(#213,#214,#215,#216,#217));
#1247=EDGE_LOOP('',(#218,#219,#220,#221));
#1248=EDGE_LOOP('',(#222,#223,#224,#225,#226));
#1249=EDGE_LOOP('',(#227,#228,#229,#230));
#1250=EDGE_LOOP('',(#231,#232,#233,#234));
#1251=EDGE_LOOP('',(#235,#236,#237,#238));
#1252=EDGE_LOOP('',(#239,#240,#241,#242));
#1253=EDGE_LOOP('',(#243,#244,#245,#246));
#1254=EDGE_LOOP('',(#247,#248,#249,#250));
#1255=EDGE_LOOP('',(#251,#252,#253,#254));
#1256=EDGE_LOOP('',(#255,#256,#257,#258));
#1257=EDGE_LOOP('',(#259,#260,#261,#262));
#1258=EDGE_LOOP('',(#263));
#1259=EDGE_LOOP('',(#264));
#1260=EDGE_LOOP('',(#265,#266,#267,#268));
#1261=EDGE_LOOP('',(#269,#270,#271,#272));
#1262=EDGE_LOOP('',(#273,#274,#275,#276));
#1263=EDGE_LOOP('',(#277,#278,#279,#280));
#1264=EDGE_LOOP('',(#281));
#1265=EDGE_LOOP('',(#282));
#1266=EDGE_LOOP('',(#283));
#1267=EDGE_LOOP('',(#284));
#1268=EDGE_LOOP('',(#285,#286,#287,#288));
#1269=EDGE_LOOP('',(#289,#290,#291,#292));
#1270=EDGE_LOOP('',(#293,#294,#295,#296,#297,#298,#299,#300));
#1271=EDGE_LOOP('',(#301,#302,#303,#304,#305,#306,#307,#308,#309,#310,#311));
#1272=EDGE_LOOP('',(#312,#313,#314,#315,#316,#317,#318,#319));
#1273=EDGE_LOOP('',(#320,#321,#322,#323,#324,#325,#326,#327,#328,#329,#330));
#1274=EDGE_LOOP('',(#331,#332,#333,#334));
#1275=EDGE_LOOP('',(#335,#336,#337,#338));
#1276=EDGE_LOOP('',(#339,#340,#341,#342));
#1277=EDGE_LOOP('',(#343,#344,#345,#346));
#1278=EDGE_LOOP('',(#347,#348,#349,#350));
#1279=EDGE_LOOP('',(#351,#352,#353,#354));
#1280=EDGE_LOOP('',(#355,#356,#357,#358));
#1281=EDGE_LOOP('',(#359,#360,#361,#362,#363,#364));
#1282=EDGE_LOOP('',(#365,#366,#367,#368));
#1283=EDGE_LOOP('',(#369,#370,#371,#372,#373,#374,#375));
#1284=EDGE_LOOP('',(#376,#377,#378,#379));
#1285=EDGE_LOOP('',(#380,#381,#382,#383));
#1286=EDGE_LOOP('',(#384,#385,#386,#387));
#1287=EDGE_LOOP('',(#388,#389,#390,#391));
#1288=EDGE_LOOP('',(#392,#393,#394,#395));
#1289=EDGE_LOOP('',(#396,#397,#398,#399));
#1290=EDGE_LOOP('',(#400,#401,#402,#403,#404,#405));
#1291=EDGE_LOOP('',(#406,#407,#408,#409,#410,#411,#412));
#1292=EDGE_LOOP('',(#413,#414,#415,#416));
#1293=EDGE_LOOP('',(#417,#418,#419,#420));
#1294=EDGE_LOOP('',(#421,#422,#423,#424));
#1295=EDGE_LOOP('',(#425,#426,#427,#428));
#1296=EDGE_LOOP('',(#429,#430,#431,#432));
#1297=EDGE_LOOP('',(#433));
#1298=EDGE_LOOP('',(#434));
#1299=EDGE_LOOP('',(#435,#436,#437,#438,#439));
#1300=EDGE_LOOP('',(#440));
#1301=EDGE_LOOP('',(#441,#442,#443,#444));
#1302=EDGE_LOOP('',(#445,#446,#447,#448));
#1303=EDGE_LOOP('',(#449,#450,#451,#452));
#1304=EDGE_LOOP('',(#453,#454,#455,#456,#457,#458));
#1305=EDGE_LOOP('',(#459,#460,#461,#462));
#1306=EDGE_LOOP('',(#463,#464,#465,#466));
#1307=EDGE_LOOP('',(#467,#468,#469,#470,#471,#472));
#1308=EDGE_LOOP('',(#473,#474,#475,#476));
#1309=EDGE_LOOP('',(#477,#478,#479,#480));
#1310=EDGE_LOOP('',(#481,#482,#483));
#1311=EDGE_LOOP('',(#484,#485,#486,#487));
#1312=EDGE_LOOP('',(#488,#489));
#1313=EDGE_LOOP('',(#490,#491,#492,#493));
#1314=EDGE_LOOP('',(#494,#495));
#1315=EDGE_LOOP('',(#496));
#1316=EDGE_LOOP('',(#497));
#1317=EDGE_LOOP('',(#498));
#1318=EDGE_LOOP('',(#499));
#1319=EDGE_LOOP('',(#500));
#1320=EDGE_LOOP('',(#501));
#1321=EDGE_LOOP('',(#502));
#1322=EDGE_LOOP('',(#503));
#1323=EDGE_LOOP('',(#504));
#1324=EDGE_LOOP('',(#505));
#1325=EDGE_LOOP('',(#506));
#1326=EDGE_LOOP('',(#507));
#1327=EDGE_LOOP('',(#508));
#1328=EDGE_LOOP('',(#509,#510,#511,#512));
#1329=EDGE_LOOP('',(#513,#514,#515,#516));
#1330=EDGE_LOOP('',(#517,#518,#519,#520));
#1331=FACE_BOUND('',#1217,.T.);
#1332=FACE_BOUND('',#1218,.T.);
#1333=FACE_BOUND('',#1219,.T.);
#1334=FACE_BOUND('',#1220,.T.);
#1335=FACE_BOUND('',#1221,.T.);
#1336=FACE_BOUND('',#1222,.T.);
#1337=FACE_BOUND('',#1223,.T.);
#1338=FACE_BOUND('',#1224,.T.);
#1339=FACE_BOUND('',#1225,.T.);
#1340=FACE_BOUND('',#1226,.T.);
#1341=FACE_BOUND('',#1227,.T.);
#1342=FACE_BOUND('',#1228,.T.);
#1343=FACE_BOUND('',#1229,.T.);
#1344=FACE_BOUND('',#1230,.T.);
#1345=FACE_BOUND('',#1231,.T.);
#1346=FACE_BOUND('',#1232,.T.);
#1347=FACE_BOUND('',#1233,.T.);
#1348=FACE_BOUND('',#1234,.T.);
#1349=FACE_BOUND('',#1235,.T.);
#1350=FACE_BOUND('',#1236,.T.);
#1351=FACE_BOUND('',#1237,.T.);
#1352=FACE_BOUND('',#1238,.T.);
#1353=FACE_BOUND('',#1239,.T.);
#1354=FACE_BOUND('',#1240,.T.);
#1355=FACE_BOUND('',#1241,.T.);
#1356=FACE_BOUND('',#1242,.T.);
#1357=FACE_BOUND('',#1243,.T.);
#1358=FACE_BOUND('',#1244,.T.);
#1359=FACE_BOUND('',#1245,.T.);
#1360=FACE_BOUND('',#1246,.T.);
#1361=FACE_BOUND('',#1247,.T.);
#1362=FACE_BOUND('',#1248,.T.);
#1363=FACE_BOUND('',#1249,.T.);
#1364=FACE_BOUND('',#1250,.T.);
#1365=FACE_BOUND('',#1251,.T.);
#1366=FACE_BOUND('',#1252,.T.);
#1367=FACE_BOUND('',#1253,.T.);
#1368=FACE_BOUND('',#1254,.T.);
#1369=FACE_BOUND('',#1255,.T.);
#1370=FACE_BOUND('',#1256,.T.);
#1371=FACE_BOUND('',#1257,.T.);
#1372=FACE_BOUND('',#1258,.T.);
#1373=FACE_BOUND('',#1259,.T.);
#1374=FACE_BOUND('',#1260,.T.);
#1375=FACE_BOUND('',#1261,.T.);
#1376=FACE_BOUND('',#1262,.T.);
#1377=FACE_BOUND('',#1263,.T.);
#1378=FACE_BOUND('',#1264,.T.);
#1379=FACE_BOUND('',#1265,.T.);
#1380=FACE_BOUND('',#1266,.T.);
#1381=FACE_BOUND('',#1267,.T.);
#1382=FACE_BOUND('',#1268,.T.);
#1383=FACE_BOUND('',#1269,.T.);
#1384=FACE_BOUND('',#1270,.T.);
#1385=FACE_BOUND('',#1271,.T.);
#1386=FACE_BOUND('',#1272,.T.);
#1387=FACE_BOUND('',#1273,.T.);
#1388=FACE_BOUND('',#1274,.T.);
#1389=FACE_BOUND('',#1275,.T.);
#1390=FACE_BOUND('',#1276,.T.);
#1391=FACE_BOUND('',#1277,.T.);
#1392=FACE_BOUND('',#1278,.T.);
#1393=FACE_BOUND('',#1279,.T.);
#1394=FACE_BOUND('',#1280,.T.);
#1395=FACE_BOUND('',#1281,.T.);
#1396=FACE_BOUND('',#1282,.T.);
#1397=FACE_BOUND('',#1283,.T.);
#1398=FACE_BOUND('',#1284,.T.);
#1399=FACE_BOUND('',#1285,.T.);
#1400=FACE_BOUND('',#1286,.T.);
#1401=FACE_BOUND('',#1287,.T.);
#1402=FACE_BOUND('',#1288,.T.);
#1403=FACE_BOUND('',#1289,.T.);
#1404=FACE_BOUND('',#1290,.T.);
#1405=FACE_BOUND('',#1291,.T.);
#1406=FACE_BOUND('',#1292,.T.);
#1407=FACE_BOUND('',#1293,.T.);
#1408=FACE_BOUND('',#1294,.T.);
#1409=FACE_BOUND('',#1295,.T.);
#1410=FACE_BOUND('',#1296,.T.);
#1411=FACE_BOUND('',#1297,.T.);
#1412=FACE_BOUND('',#1298,.T.);
#1413=FACE_BOUND('',#1299,.T.);
#1414=FACE_BOUND('',#1300,.T.);
#1415=FACE_BOUND('',#1301,.T.);
#1416=FACE_BOUND('',#1302,.T.);
#1417=FACE_BOUND('',#1303,.T.);
#1418=FACE_BOUND('',#1304,.T.);
#1419=FACE_BOUND('',#1305,.T.);
#1420=FACE_BOUND('',#1306,.T.);
#1421=FACE_BOUND('',#1307,.T.);
#1422=FACE_BOUND('',#1308,.T.);
#1423=FACE_BOUND('',#1309,.T.);
#1424=FACE_BOUND('',#1310,.T.);
#1425=FACE_BOUND('',#1311,.T.);
#1426=FACE_BOUND('',#1312,.T.);
#1427=FACE_BOUND('',#1313,.T.);
#1428=FACE_BOUND('',#1314,.T.);
#1429=FACE_BOUND('',#1315,.T.);
#1430=FACE_BOUND('',#1316,.T.);
#1431=FACE_BOUND('',#1317,.T.);
#1432=FACE_BOUND('',#1318,.T.);
#1433=FACE_BOUND('',#1319,.T.);
#1434=FACE_BOUND('',#1320,.T.);
#1435=FACE_BOUND('',#1321,.T.);
#1436=FACE_BOUND('',#1322,.T.);
#1437=FACE_BOUND('',#1323,.T.);
#1438=FACE_BOUND('',#1324,.T.);
#1439=FACE_BOUND('',#1325,.T.);
#1440=FACE_BOUND('',#1326,.T.);
#1441=FACE_BOUND('',#1327,.T.);
#1442=FACE_BOUND('',#1328,.T.);
#1443=FACE_BOUND('',#1329,.T.);
#1444=FACE_BOUND('',#1330,.T.);
#1445=PLANE('',#1617);
#1446=PLANE('',#1621);
#1447=PLANE('',#1634);
#1448=PLANE('',#1639);
#1449=PLANE('',#1643);
#1450=PLANE('',#1644);
#1451=PLANE('',#1645);
#1452=PLANE('',#1652);
#1453=PLANE('',#1655);
#1454=PLANE('',#1665);
#1455=PLANE('',#1669);
#1456=PLANE('',#1670);
#1457=PLANE('',#1671);
#1458=PLANE('',#1672);
#1459=PLANE('',#1673);
#1460=PLANE('',#1674);
#1461=PLANE('',#1675);
#1462=PLANE('',#1676);
#1463=PLANE('',#1677);
#1464=PLANE('',#1679);
#1465=PLANE('',#1680);
#1466=PLANE('',#1681);
#1467=PLANE('',#1682);
#1468=PLANE('',#1685);
#1469=PLANE('',#1686);
#1470=PLANE('',#1687);
#1471=PLANE('',#1688);
#1472=PLANE('',#1689);
#1473=PLANE('',#1690);
#1474=PLANE('',#1691);
#1475=PLANE('',#1692);
#1476=PLANE('',#1693);
#1477=PLANE('',#1694);
#1478=PLANE('',#1697);
#1479=PLANE('',#1698);
#1480=PLANE('',#1702);
#1481=PLANE('',#1703);
#1482=PLANE('',#1704);
#1483=PLANE('',#1705);
#1484=PLANE('',#1708);
#1485=PLANE('',#1709);
#1486=PLANE('',#1710);
#1487=PLANE('',#1714);
#1488=PLANE('',#1715);
#1489=PLANE('',#1716);
#1490=PLANE('',#1717);
#1491=PLANE('',#1718);
#1492=PLANE('',#1724);
#1493=PLANE('',#1727);
#1494=PLANE('',#1728);
#1495=PLANE('',#1732);
#1496=PLANE('',#1733);
#1497=PLANE('',#1734);
#1498=PLANE('',#1735);
#1499=PLANE('',#1736);
#1500=PLANE('',#1737);
#1501=PLANE('',#1738);
#1502=PLANE('',#1739);
#1503=PLANE('',#1740);
#1504=PLANE('',#1741);
#1505=PLANE('',#1742);
#1506=PLANE('',#1745);
#1507=PLANE('',#1748);
#1508=PLANE('',#1751);
#1509=PLANE('',#1754);
#1510=PLANE('',#1755);
#1511=PLANE('',#1756);
#1512=PLANE('',#1757);
#1513=ADVANCED_FACE('',(#1331,#1332,#1333,#1334,#1335),#1445,.F.);
#1514=ADVANCED_FACE('',(#1336,#1337,#1338,#1339,#1340),#1446,.T.);
#1515=ADVANCED_FACE('',(#1341),#1447,.T.);
#1516=ADVANCED_FACE('',(#1342,#1343,#1344,#1345,#1346),#1448,.F.);
#1517=ADVANCED_FACE('',(#1347,#1348),#1449,.T.);
#1518=ADVANCED_FACE('',(#1349,#1350),#1450,.F.);
#1519=ADVANCED_FACE('',(#1351),#1451,.T.);
#1520=ADVANCED_FACE('',(#1352),#20,.T.);
#1521=ADVANCED_FACE('',(#1353),#21,.T.);
#1522=ADVANCED_FACE('',(#1354),#22,.T.);
#1523=ADVANCED_FACE('',(#1355),#1452,.F.);
#1524=ADVANCED_FACE('',(#1356),#23,.T.);
#1525=ADVANCED_FACE('',(#1357),#1453,.F.);
#1526=ADVANCED_FACE('',(#1358),#24,.F.);
#1527=ADVANCED_FACE('',(#1359),#25,.F.);
#1528=ADVANCED_FACE('',(#1360),#26,.F.);
#1529=ADVANCED_FACE('',(#1361),#1454,.T.);
#1530=ADVANCED_FACE('',(#1362),#27,.F.);
#1531=ADVANCED_FACE('',(#1363),#1455,.T.);
#1532=ADVANCED_FACE('',(#1364),#1456,.T.);
#1533=ADVANCED_FACE('',(#1365),#1457,.F.);
#1534=ADVANCED_FACE('',(#1366),#1458,.F.);
#1535=ADVANCED_FACE('',(#1367),#1459,.T.);
#1536=ADVANCED_FACE('',(#1368),#1460,.F.);
#1537=ADVANCED_FACE('',(#1369),#1461,.T.);
#1538=ADVANCED_FACE('',(#1370),#1462,.F.);
#1539=ADVANCED_FACE('',(#1371),#1463,.T.);
#1540=ADVANCED_FACE('',(#1372,#1373),#28,.F.);
#1541=ADVANCED_FACE('',(#1374),#1464,.T.);
#1542=ADVANCED_FACE('',(#1375),#1465,.F.);
#1543=ADVANCED_FACE('',(#1376),#1466,.F.);
#1544=ADVANCED_FACE('',(#1377),#1467,.T.);
#1545=ADVANCED_FACE('',(#1378,#1379),#29,.F.);
#1546=ADVANCED_FACE('',(#1380,#1381),#30,.F.);
#1547=ADVANCED_FACE('',(#1382),#1468,.F.);
#1548=ADVANCED_FACE('',(#1383),#1469,.T.);
#1549=ADVANCED_FACE('',(#1384),#1470,.T.);
#1550=ADVANCED_FACE('',(#1385),#1471,.F.);
#1551=ADVANCED_FACE('',(#1386),#1472,.T.);
#1552=ADVANCED_FACE('',(#1387),#1473,.F.);
#1553=ADVANCED_FACE('',(#1388),#1474,.T.);
#1554=ADVANCED_FACE('',(#1389),#1475,.F.);
#1555=ADVANCED_FACE('',(#1390),#1476,.F.);
#1556=ADVANCED_FACE('',(#1391),#1477,.F.);
#1557=ADVANCED_FACE('',(#1392),#31,.T.);
#1558=ADVANCED_FACE('',(#1393),#1478,.T.);
#1559=ADVANCED_FACE('',(#1394),#1479,.F.);
#1560=ADVANCED_FACE('',(#1395),#32,.F.);
#1561=ADVANCED_FACE('',(#1396),#1480,.F.);
#1562=ADVANCED_FACE('',(#1397),#1481,.T.);
#1563=ADVANCED_FACE('',(#1398),#1482,.F.);
#1564=ADVANCED_FACE('',(#1399),#1483,.F.);
#1565=ADVANCED_FACE('',(#1400),#33,.T.);
#1566=ADVANCED_FACE('',(#1401),#1484,.F.);
#1567=ADVANCED_FACE('',(#1402),#1485,.F.);
#1568=ADVANCED_FACE('',(#1403),#1486,.F.);
#1569=ADVANCED_FACE('',(#1404),#34,.F.);
#1570=ADVANCED_FACE('',(#1405),#1487,.T.);
#1571=ADVANCED_FACE('',(#1406),#1488,.T.);
#1572=ADVANCED_FACE('',(#1407),#1489,.F.);
#1573=ADVANCED_FACE('',(#1408),#1490,.F.);
#1574=ADVANCED_FACE('',(#1409),#1491,.T.);
#1575=ADVANCED_FACE('',(#1410),#35,.T.);
#1576=ADVANCED_FACE('',(#1411,#1412),#36,.F.);
#1577=ADVANCED_FACE('',(#1413,#1414),#1492,.T.);
#1578=ADVANCED_FACE('',(#1415),#37,.T.);
#1579=ADVANCED_FACE('',(#1416),#1493,.F.);
#1580=ADVANCED_FACE('',(#1417),#1494,.F.);
#1581=ADVANCED_FACE('',(#1418),#38,.F.);
#1582=ADVANCED_FACE('',(#1419),#1495,.F.);
#1583=ADVANCED_FACE('',(#1420),#1496,.F.);
#1584=ADVANCED_FACE('',(#1421),#1497,.T.);
#1585=ADVANCED_FACE('',(#1422),#1498,.F.);
#1586=ADVANCED_FACE('',(#1423),#1499,.F.);
#1587=ADVANCED_FACE('',(#1424),#1500,.T.);
#1588=ADVANCED_FACE('',(#1425),#1501,.F.);
#1589=ADVANCED_FACE('',(#1426),#1502,.T.);
#1590=ADVANCED_FACE('',(#1427),#1503,.F.);
#1591=ADVANCED_FACE('',(#1428),#1504,.T.);
#1592=ADVANCED_FACE('',(#1429),#1505,.T.);
#1593=ADVANCED_FACE('',(#1430,#1431),#39,.F.);
#1594=ADVANCED_FACE('',(#1432),#1506,.T.);
#1595=ADVANCED_FACE('',(#1433,#1434),#40,.F.);
#1596=ADVANCED_FACE('',(#1435),#1507,.T.);
#1597=ADVANCED_FACE('',(#1436,#1437),#41,.F.);
#1598=ADVANCED_FACE('',(#1438),#1508,.T.);
#1599=ADVANCED_FACE('',(#1439,#1440),#42,.F.);
#1600=ADVANCED_FACE('',(#1441),#1509,.T.);
#1601=ADVANCED_FACE('',(#1442),#1510,.F.);
#1602=ADVANCED_FACE('',(#1443),#1511,.F.);
#1603=ADVANCED_FACE('',(#1444),#1512,.F.);
#1604=CLOSED_SHELL('',(#1513,#1514,#1515,#1516,#1517,#1518,#1519,#1520,
#1521,#1522,#1523,#1524,#1525,#1526,#1527,#1528,#1529,#1530,#1531,#1532,
#1533,#1534,#1535,#1536,#1537,#1538,#1539,#1540,#1541,#1542,#1543,#1544,
#1545,#1546,#1547,#1548,#1549,#1550,#1551,#1552,#1553,#1554,#1555,#1556,
#1557,#1558,#1559,#1560,#1561,#1562,#1563,#1564,#1565,#1566,#1567,#1568,
#1569,#1570,#1571,#1572,#1573,#1574,#1575,#1576,#1577,#1578,#1579,#1580,
#1581,#1582,#1583,#1584,#1585,#1586,#1587,#1588,#1589,#1590,#1591,#1592,
#1593,#1594,#1595,#1596,#1597,#1598,#1599,#1600,#1601,#1602,#1603));
#1605=STYLED_ITEM('',(#1606),#1613);
#1606=PRESENTATION_STYLE_ASSIGNMENT((#1607));
#1607=SURFACE_STYLE_USAGE(.BOTH.,#1608);
#1608=SURFACE_SIDE_STYLE('',(#1609));
#1609=SURFACE_STYLE_FILL_AREA(#1610);
#1610=FILL_AREA_STYLE('',(#1611));
#1611=FILL_AREA_STYLE_COLOUR('',#1612);
#1612=COLOUR_RGB('',0.615686274509804,0.811764705882353,0.929411764705882);
#1613=MANIFOLD_SOLID_BREP('Body',#1604);
#1614=SHAPE_DEFINITION_REPRESENTATION(#2668,#1615);
#1615=SHAPE_REPRESENTATION('Body',(#1616),#2663);
#1616=AXIS2_PLACEMENT_3D('',#2210,#1758,#1759);
#1617=AXIS2_PLACEMENT_3D('',#2211,#1760,#1761);
#1618=AXIS2_PLACEMENT_3D('',#2220,#1766,#1767);
#1619=AXIS2_PLACEMENT_3D('',#2222,#1768,#1769);
#1620=AXIS2_PLACEMENT_3D('',#2224,#1770,#1771);
#1621=AXIS2_PLACEMENT_3D('',#2242,#1780,#1781);
#1622=AXIS2_PLACEMENT_3D('',#2243,#1782,#1783);
#1623=AXIS2_PLACEMENT_3D('',#2245,#1784,#1785);
#1624=AXIS2_PLACEMENT_3D('',#2247,#1786,#1787);
#1625=AXIS2_PLACEMENT_3D('',#2249,#1788,#1789);
#1626=AXIS2_PLACEMENT_3D('',#2255,#1792,#1793);
#1627=AXIS2_PLACEMENT_3D('',#2259,#1795,#1796);
#1628=AXIS2_PLACEMENT_3D('',#2263,#1798,#1799);
#1629=AXIS2_PLACEMENT_3D('',#2267,#1801,#1802);
#1630=AXIS2_PLACEMENT_3D('',#2272,#1805,#1806);
#1631=AXIS2_PLACEMENT_3D('',#2276,#1808,#1809);
#1632=AXIS2_PLACEMENT_3D('',#2280,#1811,#1812);
#1633=AXIS2_PLACEMENT_3D('',#2284,#1814,#1815);
#1634=AXIS2_PLACEMENT_3D('',#2285,#1816,#1817);
#1635=AXIS2_PLACEMENT_3D('',#2291,#1820,#1821);
#1636=AXIS2_PLACEMENT_3D('',#2299,#1825,#1826);
#1637=AXIS2_PLACEMENT_3D('',#2307,#1830,#1831);
#1638=AXIS2_PLACEMENT_3D('',#2315,#1835,#1836);
#1639=AXIS2_PLACEMENT_3D('',#2318,#1838,#1839);
#1640=AXIS2_PLACEMENT_3D('',#2319,#1840,#1841);
#1641=AXIS2_PLACEMENT_3D('',#2321,#1842,#1843);
#1642=AXIS2_PLACEMENT_3D('',#2333,#1850,#1851);
#1643=AXIS2_PLACEMENT_3D('',#2343,#1856,#1857);
#1644=AXIS2_PLACEMENT_3D('',#2357,#1865,#1866);
#1645=AXIS2_PLACEMENT_3D('',#2371,#1874,#1875);
#1646=AXIS2_PLACEMENT_3D('',#2377,#1879,#1880);
#1647=AXIS2_PLACEMENT_3D('',#2378,#1881,#1882);
#1648=AXIS2_PLACEMENT_3D('',#2379,#1883,#1884);
#1649=AXIS2_PLACEMENT_3D('',#2380,#1885,#1886);
#1650=AXIS2_PLACEMENT_3D('',#2381,#1887,#1888);
#1651=AXIS2_PLACEMENT_3D('',#2384,#1890,#1891);
#1652=AXIS2_PLACEMENT_3D('',#2385,#1892,#1893);
#1653=AXIS2_PLACEMENT_3D('',#2389,#1896,#1897);
#1654=AXIS2_PLACEMENT_3D('',#2390,#1898,#1899);
#1655=AXIS2_PLACEMENT_3D('',#2391,#1900,#1901);
#1656=AXIS2_PLACEMENT_3D('',#2392,#1902,#1903);
#1657=AXIS2_PLACEMENT_3D('',#2393,#1904,#1905);
#1658=AXIS2_PLACEMENT_3D('',#2396,#1906,#1907);
#1659=AXIS2_PLACEMENT_3D('',#2398,#1909,#1910);
#1660=AXIS2_PLACEMENT_3D('',#2399,#1911,#1912);
#1661=AXIS2_PLACEMENT_3D('',#2401,#1913,#1914);
#1662=AXIS2_PLACEMENT_3D('',#2402,#1915,#1916);
#1663=AXIS2_PLACEMENT_3D('',#2403,#1917,#1918);
#1664=AXIS2_PLACEMENT_3D('',#2405,#1919,#1920);
#1665=AXIS2_PLACEMENT_3D('',#2408,#1922,#1923);
#1666=AXIS2_PLACEMENT_3D('',#2412,#1926,#1927);
#1667=AXIS2_PLACEMENT_3D('',#2413,#1928,#1929);
#1668=AXIS2_PLACEMENT_3D('',#2415,#1930,#1931);
#1669=AXIS2_PLACEMENT_3D('',#2418,#1933,#1934);
#1670=AXIS2_PLACEMENT_3D('',#2420,#1936,#1937);
#1671=AXIS2_PLACEMENT_3D('',#2426,#1941,#1942);
#1672=AXIS2_PLACEMENT_3D('',#2430,#1945,#1946);
#1673=AXIS2_PLACEMENT_3D('',#2434,#1949,#1950);
#1674=AXIS2_PLACEMENT_3D('',#2436,#1952,#1953);
#1675=AXIS2_PLACEMENT_3D('',#2439,#1956,#1957);
#1676=AXIS2_PLACEMENT_3D('',#2441,#1959,#1960);
#1677=AXIS2_PLACEMENT_3D('',#2443,#1962,#1963);
#1678=AXIS2_PLACEMENT_3D('',#2444,#1964,#1965);
#1679=AXIS2_PLACEMENT_3D('',#2445,#1966,#1967);
#1680=AXIS2_PLACEMENT_3D('',#2451,#1971,#1972);
#1681=AXIS2_PLACEMENT_3D('',#2455,#1975,#1976);
#1682=AXIS2_PLACEMENT_3D('',#2459,#1979,#1980);
#1683=AXIS2_PLACEMENT_3D('',#2461,#1982,#1983);
#1684=AXIS2_PLACEMENT_3D('',#2462,#1984,#1985);
#1685=AXIS2_PLACEMENT_3D('',#2463,#1986,#1987);
#1686=AXIS2_PLACEMENT_3D('',#2466,#1990,#1991);
#1687=AXIS2_PLACEMENT_3D('',#2469,#1994,#1995);
#1688=AXIS2_PLACEMENT_3D('',#2476,#2000,#2001);
#1689=AXIS2_PLACEMENT_3D('',#2487,#2008,#2009);
#1690=AXIS2_PLACEMENT_3D('',#2492,#2013,#2014);
#1691=AXIS2_PLACEMENT_3D('',#2501,#2020,#2021);
#1692=AXIS2_PLACEMENT_3D('',#2502,#2022,#2023);
#1693=AXIS2_PLACEMENT_3D('',#2503,#2024,#2025);
#1694=AXIS2_PLACEMENT_3D('',#2509,#2029,#2030);
#1695=AXIS2_PLACEMENT_3D('',#2513,#2033,#2034);
#1696=AXIS2_PLACEMENT_3D('',#2516,#2036,#2037);
#1697=AXIS2_PLACEMENT_3D('',#2517,#2038,#2039);
#1698=AXIS2_PLACEMENT_3D('',#2521,#2042,#2043);
#1699=AXIS2_PLACEMENT_3D('',#2525,#2046,#2047);
#1700=AXIS2_PLACEMENT_3D('',#2528,#2049,#2050);
#1701=AXIS2_PLACEMENT_3D('',#2533,#2053,#2054);
#1702=AXIS2_PLACEMENT_3D('',#2534,#2055,#2056);
#1703=AXIS2_PLACEMENT_3D('',#2536,#2058,#2059);
#1704=AXIS2_PLACEMENT_3D('',#2537,#2060,#2061);
#1705=AXIS2_PLACEMENT_3D('',#2543,#2065,#2066);
#1706=AXIS2_PLACEMENT_3D('',#2547,#2069,#2070);
#1707=AXIS2_PLACEMENT_3D('',#2550,#2072,#2073);
#1708=AXIS2_PLACEMENT_3D('',#2551,#2074,#2075);
#1709=AXIS2_PLACEMENT_3D('',#2555,#2078,#2079);
#1710=AXIS2_PLACEMENT_3D('',#2559,#2082,#2083);
#1711=AXIS2_PLACEMENT_3D('',#2563,#2086,#2087);
#1712=AXIS2_PLACEMENT_3D('',#2566,#2089,#2090);
#1713=AXIS2_PLACEMENT_3D('',#2569,#2092,#2093);
#1714=AXIS2_PLACEMENT_3D('',#2570,#2094,#2095);
#1715=AXIS2_PLACEMENT_3D('',#2571,#2096,#2097);
#1716=AXIS2_PLACEMENT_3D('',#2577,#2101,#2102);
#1717=AXIS2_PLACEMENT_3D('',#2581,#2105,#2106);
#1718=AXIS2_PLACEMENT_3D('',#2585,#2109,#2110);
#1719=AXIS2_PLACEMENT_3D('',#2589,#2113,#2114);
#1720=AXIS2_PLACEMENT_3D('',#2590,#2115,#2116);
#1721=AXIS2_PLACEMENT_3D('',#2591,#2117,#2118);
#1722=AXIS2_PLACEMENT_3D('',#2592,#2119,#2120);
#1723=AXIS2_PLACEMENT_3D('',#2594,#2121,#2122);
#1724=AXIS2_PLACEMENT_3D('',#2596,#2123,#2124);
#1725=AXIS2_PLACEMENT_3D('',#2597,#2125,#2126);
#1726=AXIS2_PLACEMENT_3D('',#2600,#2128,#2129);
#1727=AXIS2_PLACEMENT_3D('',#2603,#2131,#2132);
#1728=AXIS2_PLACEMENT_3D('',#2607,#2135,#2136);
#1729=AXIS2_PLACEMENT_3D('',#2611,#2139,#2140);
#1730=AXIS2_PLACEMENT_3D('',#2614,#2142,#2143);
#1731=AXIS2_PLACEMENT_3D('',#2619,#2146,#2147);
#1732=AXIS2_PLACEMENT_3D('',#2620,#2148,#2149);
#1733=AXIS2_PLACEMENT_3D('',#2624,#2152,#2153);
#1734=AXIS2_PLACEMENT_3D('',#2626,#2155,#2156);
#1735=AXIS2_PLACEMENT_3D('',#2627,#2157,#2158);
#1736=AXIS2_PLACEMENT_3D('',#2631,#2161,#2162);
#1737=AXIS2_PLACEMENT_3D('',#2633,#2164,#2165);
#1738=AXIS2_PLACEMENT_3D('',#2634,#2166,#2167);
#1739=AXIS2_PLACEMENT_3D('',#2636,#2169,#2170);
#1740=AXIS2_PLACEMENT_3D('',#2637,#2171,#2172);
#1741=AXIS2_PLACEMENT_3D('',#2639,#2174,#2175);
#1742=AXIS2_PLACEMENT_3D('',#2640,#2176,#2177);
#1743=AXIS2_PLACEMENT_3D('',#2641,#2178,#2179);
#1744=AXIS2_PLACEMENT_3D('',#2642,#2180,#2181);
#1745=AXIS2_PLACEMENT_3D('',#2644,#2182,#2183);
#1746=AXIS2_PLACEMENT_3D('',#2645,#2184,#2185);
#1747=AXIS2_PLACEMENT_3D('',#2646,#2186,#2187);
#1748=AXIS2_PLACEMENT_3D('',#2648,#2188,#2189);
#1749=AXIS2_PLACEMENT_3D('',#2649,#2190,#2191);
#1750=AXIS2_PLACEMENT_3D('',#2650,#2192,#2193);
#1751=AXIS2_PLACEMENT_3D('',#2652,#2194,#2195);
#1752=AXIS2_PLACEMENT_3D('',#2653,#2196,#2197);
#1753=AXIS2_PLACEMENT_3D('',#2654,#2198,#2199);
#1754=AXIS2_PLACEMENT_3D('',#2656,#2200,#2201);
#1755=AXIS2_PLACEMENT_3D('',#2657,#2202,#2203);
#1756=AXIS2_PLACEMENT_3D('',#2660,#2206,#2207);
#1757=AXIS2_PLACEMENT_3D('',#2661,#2208,#2209);
#1758=DIRECTION('',(0.,0.,1.));
#1759=DIRECTION('',(1.,0.,0.));
#1760=DIRECTION('',(0.,-1.,0.));
#1761=DIRECTION('',(0.,0.,-1.));
#1762=DIRECTION('',(0.,0.,-1.));
#1763=DIRECTION('',(1.,0.,-2.60208521396521E-16));
#1764=DIRECTION('',(0.,0.,1.));
#1765=DIRECTION('',(-1.,0.,0.));
#1766=DIRECTION('',(0.,1.,0.));
#1767=DIRECTION('',(0.,0.,1.));
#1768=DIRECTION('',(0.,1.,0.));
#1769=DIRECTION('',(0.,0.,1.));
#1770=DIRECTION('',(0.,1.,0.));
#1771=DIRECTION('',(0.,0.,1.));
#1772=DIRECTION('',(-0.5,0.,-0.866025403784439));
#1773=DIRECTION('',(1.,0.,0.));
#1774=DIRECTION('',(0.,0.,1.));
#1775=DIRECTION('',(1.,0.,0.));
#1776=DIRECTION('',(0.,0.,1.));
#1777=DIRECTION('',(1.,0.,0.));
#1778=DIRECTION('',(-0.5,0.,0.866025403784439));
#1779=DIRECTION('',(-1.,0.,0.));
#1780=DIRECTION('',(0.,0.,1.));
#1781=DIRECTION('',(1.,0.,0.));
#1782=DIRECTION('',(0.,0.,1.));
#1783=DIRECTION('',(1.,0.,0.));
#1784=DIRECTION('',(0.,0.,1.));
#1785=DIRECTION('',(1.,0.,0.));
#1786=DIRECTION('',(0.,0.,1.));
#1787=DIRECTION('',(1.,0.,0.));
#1788=DIRECTION('',(0.,0.,1.));
#1789=DIRECTION('',(1.,0.,0.));
#1790=DIRECTION('',(1.,0.,0.));
#1791=DIRECTION('',(0.,1.,0.));
#1792=DIRECTION('',(0.,0.,1.));
#1793=DIRECTION('',(1.,0.,0.));
#1794=DIRECTION('',(-2.3621766481394E-16,1.,0.));
#1795=DIRECTION('',(0.,0.,1.));
#1796=DIRECTION('',(1.,0.,0.));
#1797=DIRECTION('',(1.,0.,0.));
#1798=DIRECTION('',(0.,0.,1.));
#1799=DIRECTION('',(1.,0.,0.));
#1800=DIRECTION('',(-2.3621766481394E-16,1.,0.));
#1801=DIRECTION('',(0.,0.,1.));
#1802=DIRECTION('',(1.,0.,0.));
#1803=DIRECTION('',(0.,1.,0.));
#1804=DIRECTION('',(1.,0.,0.));
#1805=DIRECTION('',(0.,0.,1.));
#1806=DIRECTION('',(1.,0.,0.));
#1807=DIRECTION('',(0.,-1.,0.));
#1808=DIRECTION('',(0.,0.,1.));
#1809=DIRECTION('',(1.,0.,0.));
#1810=DIRECTION('',(1.,0.,0.));
#1811=DIRECTION('',(0.,0.,1.));
#1812=DIRECTION('',(1.,0.,0.));
#1813=DIRECTION('',(0.,-1.,0.));
#1814=DIRECTION('',(0.,0.,1.));
#1815=DIRECTION('',(1.,0.,0.));
#1816=DIRECTION('',(0.,0.,1.));
#1817=DIRECTION('',(1.,0.,0.));
#1818=DIRECTION('',(0.,-1.,0.));
#1819=DIRECTION('',(1.,0.,0.));
#1820=DIRECTION('',(0.,0.,1.));
#1821=DIRECTION('',(1.,0.,0.));
#1822=DIRECTION('',(0.,-1.,0.));
#1823=DIRECTION('',(1.,0.,0.));
#1824=DIRECTION('',(0.,-1.,0.));
#1825=DIRECTION('',(0.,0.,1.));
#1826=DIRECTION('',(1.,0.,0.));
#1827=DIRECTION('',(-1.,0.,0.));
#1828=DIRECTION('',(0.,1.,0.));
#1829=DIRECTION('',(1.,0.,0.));
#1830=DIRECTION('',(0.,0.,1.));
#1831=DIRECTION('',(1.,0.,0.));
#1832=DIRECTION('',(0.,-1.,0.));
#1833=DIRECTION('',(-1.,0.,0.));
#1834=DIRECTION('',(0.,-1.,0.));
#1835=DIRECTION('',(0.,0.,1.));
#1836=DIRECTION('',(1.,0.,0.));
#1837=DIRECTION('',(1.,0.,0.));
#1838=DIRECTION('',(0.,1.,0.));
#1839=DIRECTION('',(0.,0.,1.));
#1840=DIRECTION('',(0.,1.,0.));
#1841=DIRECTION('',(0.,0.,1.));
#1842=DIRECTION('',(0.,1.,0.));
#1843=DIRECTION('',(0.,0.,1.));
#1844=DIRECTION('',(-0.5,0.,-0.866025403784439));
#1845=DIRECTION('',(-1.,0.,0.));
#1846=DIRECTION('',(-0.5,0.,0.866025403784439));
#1847=DIRECTION('',(0.,0.,-1.));
#1848=DIRECTION('',(1.,0.,0.));
#1849=DIRECTION('',(0.,0.,-1.));
#1850=DIRECTION('',(0.,1.,0.));
#1851=DIRECTION('',(0.,0.,1.));
#1852=DIRECTION('',(-1.,0.,0.));
#1853=DIRECTION('',(0.,0.,-1.));
#1854=DIRECTION('',(-1.,0.,2.60208521396521E-16));
#1855=DIRECTION('',(0.,0.,-1.));
#1856=DIRECTION('',(1.,2.3621766481394E-16,0.));
#1857=DIRECTION('',(-2.3621766481394E-16,1.,0.));
#1858=DIRECTION('',(2.3621766481394E-16,-1.,0.));
#1859=DIRECTION('',(0.,0.,1.));
#1860=DIRECTION('',(-2.3621766481394E-16,1.,0.));
#1861=DIRECTION('',(0.,0.,-1.));
#1862=DIRECTION('',(0.,0.,1.));
#1863=DIRECTION('',(0.,0.,1.));
#1864=DIRECTION('',(-2.3621766481394E-16,1.,0.));
#1865=DIRECTION('',(1.,0.,0.));
#1866=DIRECTION('',(0.,0.,-1.));
#1867=DIRECTION('',(0.,0.,-1.));
#1868=DIRECTION('',(0.,-1.,0.));
#1869=DIRECTION('',(0.,0.,-1.));
#1870=DIRECTION('',(0.,0.,-1.));
#1871=DIRECTION('',(0.,-1.,0.));
#1872=DIRECTION('',(0.,0.,-1.));
#1873=DIRECTION('',(0.,-1.,0.));
#1874=DIRECTION('',(0.,-1.,0.));
#1875=DIRECTION('',(0.,0.,-1.));
#1876=DIRECTION('',(0.,0.,1.));
#1877=DIRECTION('',(0.,0.,1.));
#1878=DIRECTION('',(1.,0.,0.));
#1879=DIRECTION('',(0.,0.,1.));
#1880=DIRECTION('',(1.,0.,0.));
#1881=DIRECTION('',(0.,0.,1.));
#1882=DIRECTION('',(1.,0.,0.));
#1883=DIRECTION('',(0.,0.,1.));
#1884=DIRECTION('',(1.,0.,0.));
#1885=DIRECTION('',(0.,0.,1.));
#1886=DIRECTION('',(1.,0.,0.));
#1887=DIRECTION('',(0.,0.,1.));
#1888=DIRECTION('',(1.,0.,0.));
#1889=DIRECTION('',(0.,0.,1.));
#1890=DIRECTION('',(0.,0.,1.));
#1891=DIRECTION('',(1.,0.,0.));
#1892=DIRECTION('',(1.,2.3621766481394E-16,0.));
#1893=DIRECTION('',(-2.3621766481394E-16,1.,0.));
#1894=DIRECTION('',(0.,0.,1.));
#1895=DIRECTION('',(-2.3621766481394E-16,1.,0.));
#1896=DIRECTION('',(0.,0.,1.));
#1897=DIRECTION('',(1.,0.,0.));
#1898=DIRECTION('',(0.,0.,1.));
#1899=DIRECTION('',(1.,0.,0.));
#1900=DIRECTION('',(0.,0.,1.));
#1901=DIRECTION('',(1.,0.,0.));
#1902=DIRECTION('',(0.,0.,-1.));
#1903=DIRECTION('',(-1.,0.,0.));
#1904=DIRECTION('',(0.242535625036333,0.,0.970142500145332));
#1905=DIRECTION('',(0.970142500145332,0.,-0.242535625036333));
#1906=DIRECTION('',(0.,0.242535625036333,-0.970142500145332));
#1907=DIRECTION('',(0.,-0.970142500145332,-0.242535625036333));
#1908=DIRECTION('',(0.,0.,-1.));
#1909=DIRECTION('',(0.,0.,-1.));
#1910=DIRECTION('',(-1.,0.,0.));
#1911=DIRECTION('',(0.,0.242535625036333,-0.970142500145332));
#1912=DIRECTION('',(0.,-0.970142500145332,-0.242535625036333));
#1913=DIRECTION('',(0.242535625036333,0.,-0.970142500145332));
#1914=DIRECTION('',(-0.970142500145332,0.,-0.242535625036333));
#1915=DIRECTION('',(0.,0.,-1.));
#1916=DIRECTION('',(-1.,0.,0.));
#1917=DIRECTION('',(0.242535625036333,0.,-0.970142500145332));
#1918=DIRECTION('',(-0.970142500145332,0.,-0.242535625036333));
#1919=DIRECTION('',(0.,0.242535625036333,0.970142500145332));
#1920=DIRECTION('',(0.,0.970142500145332,-0.242535625036333));
#1921=DIRECTION('',(0.,0.,-1.));
#1922=DIRECTION('',(0.,1.,0.));
#1923=DIRECTION('',(0.,0.,1.));
#1924=DIRECTION('',(-1.,0.,0.));
#1925=DIRECTION('',(0.,0.,-1.));
#1926=DIRECTION('',(0.,0.,-1.));
#1927=DIRECTION('',(-1.,0.,0.));
#1928=DIRECTION('',(0.,0.242535625036333,0.970142500145332));
#1929=DIRECTION('',(0.,0.970142500145332,-0.242535625036333));
#1930=DIRECTION('',(0.242535625036333,0.,0.970142500145332));
#1931=DIRECTION('',(0.970142500145332,0.,-0.242535625036333));
#1932=DIRECTION('',(0.,0.,-1.));
#1933=DIRECTION('',(1.,0.,0.));
#1934=DIRECTION('',(0.,0.,-1.));
#1935=DIRECTION('',(0.,1.,0.));
#1936=DIRECTION('',(2.3621766481394E-16,-1.,0.));
#1937=DIRECTION('',(1.,2.3621766481394E-16,0.));
#1938=DIRECTION('',(1.,2.3621766481394E-16,0.));
#1939=DIRECTION('',(0.,0.,1.));
#1940=DIRECTION('',(1.,2.3621766481394E-16,0.));
#1941=DIRECTION('',(0.,0.,1.));
#1942=DIRECTION('',(1.,0.,0.));
#1943=DIRECTION('',(2.3621766481394E-16,-1.,0.));
#1944=DIRECTION('',(1.,2.3621766481394E-16,0.));
#1945=DIRECTION('',(2.3621766481394E-16,-1.,0.));
#1946=DIRECTION('',(1.,2.3621766481394E-16,0.));
#1947=DIRECTION('',(0.,0.,-1.));
#1948=DIRECTION('',(1.,2.3621766481394E-16,0.));
#1949=DIRECTION('',(0.,0.,1.));
#1950=DIRECTION('',(1.,0.,0.));
#1951=DIRECTION('',(-2.3621766481394E-16,1.,0.));
#1952=DIRECTION('',(-0.768221279597375,0.64018439966448,0.));
#1953=DIRECTION('',(0.,0.,-1.));
#1954=DIRECTION('',(-0.50767308256681,-0.609207699080171,0.609207699080172));
#1955=DIRECTION('',(0.50767308256681,0.609207699080171,0.609207699080171));
#1956=DIRECTION('',(0.768221279597375,1.81467436726868E-16,-0.64018439966448));
#1957=DIRECTION('',(-2.3621766481394E-16,1.,0.));
#1958=DIRECTION('',(-0.50767308256681,0.609207699080171,-0.609207699080171));
#1959=DIRECTION('',(-0.768221279597376,-1.81467436726868E-16,-0.64018439966448));
#1960=DIRECTION('',(2.3621766481394E-16,-1.,0.));
#1961=DIRECTION('',(-0.50767308256681,0.609207699080171,0.609207699080171));
#1962=DIRECTION('',(0.768221279597375,0.64018439966448,0.));
#1963=DIRECTION('',(0.,0.,1.));
#1964=DIRECTION('',(0.,1.,0.));
#1965=DIRECTION('',(0.,0.,1.));
#1966=DIRECTION('',(0.,0.,-1.));
#1967=DIRECTION('',(-1.,0.,0.));
#1968=DIRECTION('',(0.,1.,0.));
#1969=DIRECTION('',(1.,0.,0.));
#1970=DIRECTION('',(0.,1.,0.));
#1971=DIRECTION('',(1.,0.,0.));
#1972=DIRECTION('',(0.,0.,-1.));
#1973=DIRECTION('',(0.,0.,-1.));
#1974=DIRECTION('',(0.,1.,0.));
#1975=DIRECTION('',(-2.60208521396521E-16,0.,-1.));
#1976=DIRECTION('',(-1.,0.,2.60208521396521E-16));
#1977=DIRECTION('',(-1.,0.,2.60208521396521E-16));
#1978=DIRECTION('',(0.,1.,0.));
#1979=DIRECTION('',(1.,0.,0.));
#1980=DIRECTION('',(0.,0.,-1.));
#1981=DIRECTION('',(0.,0.,1.));
#1982=DIRECTION('',(0.,1.,0.));
#1983=DIRECTION('',(0.,0.,1.));
#1984=DIRECTION('',(0.,1.,0.));
#1985=DIRECTION('',(0.,0.,1.));
#1986=DIRECTION('',(-6.31098363766854E-17,-0.970142500145332,-0.242535625036333));
#1987=DIRECTION('',(-1.,0.,2.60208521396521E-16));
#1988=DIRECTION('',(0.190476190476191,0.238095238095238,-0.952380952380952));
#1989=DIRECTION('',(-0.190476190476191,0.238095238095238,-0.952380952380952));
#1990=DIRECTION('',(0.,0.970142500145332,-0.242535625036333));
#1991=DIRECTION('',(1.,0.,0.));
#1992=DIRECTION('',(0.190476190476191,0.238095238095238,0.952380952380952));
#1993=DIRECTION('',(-0.190476190476191,0.238095238095238,0.952380952380952));
#1994=DIRECTION('',(0.242535625036333,0.,0.970142500145332));
#1995=DIRECTION('',(0.,1.,0.));
#1996=DIRECTION('',(-0.696310623822791,-0.696310623822791,0.174077655955697));
#1997=DIRECTION('',(0.,-1.,0.));
#1998=DIRECTION('',(0.,-1.,0.));
#1999=DIRECTION('',(0.696310623822791,-0.696310623822791,-0.174077655955697));
#2000=DIRECTION('',(0.,0.242535625036333,-0.970142500145332));
#2001=DIRECTION('',(1.,0.,0.));
#2002=DIRECTION('',(-1.,0.,0.));
#2003=DIRECTION('',(-1.,0.,0.));
#2004=DIRECTION('',(-1.,0.,0.));
#2005=DIRECTION('',(-1.,0.,0.));
#2006=DIRECTION('',(-1.,0.,0.));
#2007=DIRECTION('',(0.696310623822791,0.696310623822791,0.174077655955697));
#2008=DIRECTION('',(0.,0.242535625036333,0.970142500145332));
#2009=DIRECTION('',(-1.,0.,0.));
#2010=DIRECTION('',(0.696310623822791,-0.696310623822791,0.174077655955697));
#2011=DIRECTION('',(1.,0.,0.));
#2012=DIRECTION('',(1.,0.,0.));
#2013=DIRECTION('',(0.242535625036333,0.,-0.970142500145332));
#2014=DIRECTION('',(0.,-1.,0.));
#2015=DIRECTION('',(0.,1.,0.));
#2016=DIRECTION('',(0.,1.,0.));
#2017=DIRECTION('',(0.,1.,0.));
#2018=DIRECTION('',(0.,1.,0.));
#2019=DIRECTION('',(0.,1.,0.));
#2020=DIRECTION('',(0.78086880944303,0.624695047554425,0.));
#2021=DIRECTION('',(0.,0.,1.));
#2022=DIRECTION('',(0.78086880944303,-0.624695047554425,0.));
#2023=DIRECTION('',(0.,0.,-1.));
#2024=DIRECTION('',(1.,0.,0.));
#2025=DIRECTION('',(0.,0.,-1.));
#2026=DIRECTION('',(0.,0.,-1.));
#2027=DIRECTION('',(0.,-1.,0.));
#2028=DIRECTION('',(0.,0.,-1.));
#2029=DIRECTION('',(0.,1.,0.));
#2030=DIRECTION('',(0.,0.,1.));
#2031=DIRECTION('',(0.,0.,-1.));
#2032=DIRECTION('',(1.,0.,0.));
#2033=DIRECTION('',(0.,0.,-1.));
#2034=DIRECTION('',(-1.,0.,0.));
#2035=DIRECTION('',(0.,0.,-1.));
#2036=DIRECTION('',(0.,0.,1.));
#2037=DIRECTION('',(1.,0.,0.));
#2038=DIRECTION('',(1.,0.,0.));
#2039=DIRECTION('',(0.,0.,-1.));
#2040=DIRECTION('',(0.,0.,-1.));
#2041=DIRECTION('',(0.,-1.,0.));
#2042=DIRECTION('',(0.,-1.,0.));
#2043=DIRECTION('',(0.,0.,-1.));
#2044=DIRECTION('',(0.,0.,-1.));
#2045=DIRECTION('',(-1.,0.,0.));
#2046=DIRECTION('',(0.,0.,-1.));
#2047=DIRECTION('',(-1.,0.,0.));
#2048=DIRECTION('',(0.,0.,1.));
#2049=DIRECTION('',(0.,0.,1.));
#2050=DIRECTION('',(1.,0.,0.));
#2051=DIRECTION('',(0.,0.,1.));
#2052=DIRECTION('',(0.,0.,-1.));
#2053=DIRECTION('',(0.,0.,1.));
#2054=DIRECTION('',(1.,0.,0.));
#2055=DIRECTION('',(0.,-1.,0.));
#2056=DIRECTION('',(0.,0.,-1.));
#2057=DIRECTION('',(-1.,0.,0.));
#2058=DIRECTION('',(0.,0.,1.));
#2059=DIRECTION('',(1.,0.,0.));
#2060=DIRECTION('',(-1.,0.,0.));
#2061=DIRECTION('',(0.,0.,1.));
#2062=DIRECTION('',(0.,0.,-1.));
#2063=DIRECTION('',(0.,1.,0.));
#2064=DIRECTION('',(0.,0.,-1.));
#2065=DIRECTION('',(0.,-1.,0.));
#2066=DIRECTION('',(0.,0.,-1.));
#2067=DIRECTION('',(0.,0.,-1.));
#2068=DIRECTION('',(-1.,0.,0.));
#2069=DIRECTION('',(0.,0.,-1.));
#2070=DIRECTION('',(-1.,0.,0.));
#2071=DIRECTION('',(0.,0.,-1.));
#2072=DIRECTION('',(0.,0.,1.));
#2073=DIRECTION('',(1.,0.,0.));
#2074=DIRECTION('',(1.,0.,0.));
#2075=DIRECTION('',(0.,0.,-1.));
#2076=DIRECTION('',(0.,0.,-1.));
#2077=DIRECTION('',(0.,-1.,0.));
#2078=DIRECTION('',(0.,1.,0.));
#2079=DIRECTION('',(0.,0.,1.));
#2080=DIRECTION('',(0.,0.,-1.));
#2081=DIRECTION('',(1.,0.,0.));
#2082=DIRECTION('',(-1.,0.,0.));
#2083=DIRECTION('',(0.,0.,1.));
#2084=DIRECTION('',(0.,0.,-1.));
#2085=DIRECTION('',(0.,1.,0.));
#2086=DIRECTION('',(0.,0.,-1.));
#2087=DIRECTION('',(-1.,0.,0.));
#2088=DIRECTION('',(0.,0.,1.));
#2089=DIRECTION('',(0.,0.,1.));
#2090=DIRECTION('',(1.,0.,0.));
#2091=DIRECTION('',(0.,0.,1.));
#2092=DIRECTION('',(0.,0.,1.));
#2093=DIRECTION('',(1.,0.,0.));
#2094=DIRECTION('',(0.,0.,1.));
#2095=DIRECTION('',(1.,0.,0.));
#2096=DIRECTION('',(0.,1.,0.));
#2097=DIRECTION('',(0.,0.,1.));
#2098=DIRECTION('',(0.,0.,-1.));
#2099=DIRECTION('',(1.,0.,0.));
#2100=DIRECTION('',(0.,0.,-1.));
#2101=DIRECTION('',(1.,0.,0.));
#2102=DIRECTION('',(0.,0.,-1.));
#2103=DIRECTION('',(0.,0.,-1.));
#2104=DIRECTION('',(0.,-1.,0.));
#2105=DIRECTION('',(0.,1.,0.));
#2106=DIRECTION('',(0.,0.,1.));
#2107=DIRECTION('',(0.,0.,-1.));
#2108=DIRECTION('',(1.,0.,0.));
#2109=DIRECTION('',(1.,0.,0.));
#2110=DIRECTION('',(0.,0.,-1.));
#2111=DIRECTION('',(0.,0.,-1.));
#2112=DIRECTION('',(0.,-1.,0.));
#2113=DIRECTION('',(0.,0.,-1.));
#2114=DIRECTION('',(-1.,0.,0.));
#2115=DIRECTION('',(0.,0.,1.));
#2116=DIRECTION('',(1.,0.,0.));
#2117=DIRECTION('',(0.,0.,-1.));
#2118=DIRECTION('',(-1.,0.,0.));
#2119=DIRECTION('',(0.,0.,1.));
#2120=DIRECTION('',(1.,0.,0.));
#2121=DIRECTION('',(0.,0.,1.));
#2122=DIRECTION('',(1.,0.,0.));
#2123=DIRECTION('',(0.,0.,1.));
#2124=DIRECTION('',(1.,0.,0.));
#2125=DIRECTION('',(0.,0.,-1.));
#2126=DIRECTION('',(-1.,0.,0.));
#2127=DIRECTION('',(0.,0.,-1.));
#2128=DIRECTION('',(0.,0.,1.));
#2129=DIRECTION('',(1.,0.,0.));
#2130=DIRECTION('',(0.,0.,-1.));
#2131=DIRECTION('',(0.,1.,0.));
#2132=DIRECTION('',(0.,0.,1.));
#2133=DIRECTION('',(0.,0.,-1.));
#2134=DIRECTION('',(1.,0.,0.));
#2135=DIRECTION('',(-1.,0.,0.));
#2136=DIRECTION('',(0.,0.,1.));
#2137=DIRECTION('',(0.,0.,-1.));
#2138=DIRECTION('',(0.,1.,0.));
#2139=DIRECTION('',(0.,0.,-1.));
#2140=DIRECTION('',(-1.,0.,0.));
#2141=DIRECTION('',(0.,0.,1.));
#2142=DIRECTION('',(0.,0.,1.));
#2143=DIRECTION('',(1.,0.,0.));
#2144=DIRECTION('',(0.,0.,1.));
#2145=DIRECTION('',(0.,0.,-1.));
#2146=DIRECTION('',(0.,0.,1.));
#2147=DIRECTION('',(1.,0.,0.));
#2148=DIRECTION('',(0.,-1.,0.));
#2149=DIRECTION('',(0.,0.,-1.));
#2150=DIRECTION('',(0.,0.,-1.));
#2151=DIRECTION('',(-1.,0.,0.));
#2152=DIRECTION('',(1.,0.,0.));
#2153=DIRECTION('',(0.,0.,-1.));
#2154=DIRECTION('',(0.,-1.,0.));
#2155=DIRECTION('',(0.,0.,1.));
#2156=DIRECTION('',(1.,0.,0.));
#2157=DIRECTION('',(0.,1.,0.));
#2158=DIRECTION('',(0.,0.,1.));
#2159=DIRECTION('',(-1.,0.,0.));
#2160=DIRECTION('',(0.,0.,1.));
#2161=DIRECTION('',(1.,0.,0.));
#2162=DIRECTION('',(0.,0.,-1.));
#2163=DIRECTION('',(0.,1.,0.));
#2164=DIRECTION('',(0.,0.,1.));
#2165=DIRECTION('',(1.,0.,0.));
#2166=DIRECTION('',(0.,1.,0.));
#2167=DIRECTION('',(0.,0.,1.));
#2168=DIRECTION('',(-1.,0.,0.));
#2169=DIRECTION('',(0.,0.,1.));
#2170=DIRECTION('',(1.,0.,0.));
#2171=DIRECTION('',(1.,0.,0.));
#2172=DIRECTION('',(0.,0.,-1.));
#2173=DIRECTION('',(0.,1.,0.));
#2174=DIRECTION('',(0.,0.,1.));
#2175=DIRECTION('',(1.,0.,0.));
#2176=DIRECTION('',(0.,0.,1.));
#2177=DIRECTION('',(1.,0.,0.));
#2178=DIRECTION('',(0.,0.,1.));
#2179=DIRECTION('',(1.,0.,0.));
#2180=DIRECTION('',(0.,0.,1.));
#2181=DIRECTION('',(1.,0.,0.));
#2182=DIRECTION('',(0.,0.,1.));
#2183=DIRECTION('',(1.,0.,0.));
#2184=DIRECTION('',(0.,0.,1.));
#2185=DIRECTION('',(1.,0.,0.));
#2186=DIRECTION('',(0.,0.,1.));
#2187=DIRECTION('',(1.,0.,0.));
#2188=DIRECTION('',(0.,0.,1.));
#2189=DIRECTION('',(1.,0.,0.));
#2190=DIRECTION('',(0.,0.,1.));
#2191=DIRECTION('',(1.,0.,0.));
#2192=DIRECTION('',(0.,0.,1.));
#2193=DIRECTION('',(1.,0.,0.));
#2194=DIRECTION('',(0.,0.,1.));
#2195=DIRECTION('',(1.,0.,0.));
#2196=DIRECTION('',(0.,0.,1.));
#2197=DIRECTION('',(1.,0.,0.));
#2198=DIRECTION('',(0.,0.,1.));
#2199=DIRECTION('',(1.,0.,0.));
#2200=DIRECTION('',(0.,0.,1.));
#2201=DIRECTION('',(1.,0.,0.));
#2202=DIRECTION('',(0.,0.,-1.));
#2203=DIRECTION('',(-1.,0.,0.));
#2204=DIRECTION('',(0.,1.,0.));
#2205=DIRECTION('',(0.,1.,0.));
#2206=DIRECTION('',(0.866025403784438,0.,-0.5));
#2207=DIRECTION('',(-0.5,0.,-0.866025403784439));
#2208=DIRECTION('',(-0.866025403784439,0.,-0.5));
#2209=DIRECTION('',(-0.5,0.,0.866025403784439));
#2210=CARTESIAN_POINT('',(0.,0.,0.));
#2211=CARTESIAN_POINT('',(-0.00325,0.0581000000000035,-0.01));
#2212=CARTESIAN_POINT('',(-0.0383,0.0581000000000035,-0.001305000000003));
#2213=CARTESIAN_POINT('',(-0.0383,0.0581000000000035,0.009695000000002));
#2214=CARTESIAN_POINT('',(-0.0383,0.0581000000000035,-0.001305000000003));
#2215=CARTESIAN_POINT('',(-0.00325,0.0581000000000035,-0.00130500000000301));
#2216=CARTESIAN_POINT('',(-0.0317,0.0581000000000035,-0.001305000000003));
#2217=CARTESIAN_POINT('',(-0.0317,0.0581000000000035,-0.01));
#2218=CARTESIAN_POINT('',(-0.0317,0.0581000000000035,0.009695000000002));
#2219=CARTESIAN_POINT('',(-0.0375,0.0581000000000035,0.009695000000002));
#2220=CARTESIAN_POINT('',(-0.0481,0.0581000000000035,0.00801));
#2221=CARTESIAN_POINT('',(-0.0481,0.0581000000000035,0.01301));
#2222=CARTESIAN_POINT('',(0.0344,0.0581000000000035,0.004095));
#2223=CARTESIAN_POINT('',(0.0344,0.0581000000000035,0.007595));
#2224=CARTESIAN_POINT('',(0.0694,0.0581000000000035,0.004095));
#2225=CARTESIAN_POINT('',(0.0694,0.0581000000000035,0.007595));
#2226=CARTESIAN_POINT('',(-0.063701687836487,0.0581000000000035,0.01375));
#2227=CARTESIAN_POINT('',(-0.06298,0.0581000000000035,0.015));
#2228=CARTESIAN_POINT('',(-0.0644233756729741,0.0581000000000035,0.0125));
#2229=CARTESIAN_POINT('',(-0.00325,0.0581000000000035,0.015));
#2230=CARTESIAN_POINT('',(0.0854,0.0581000000000035,0.015));
#2231=CARTESIAN_POINT('',(0.0854,0.0581000000000035,-0.01));
#2232=CARTESIAN_POINT('',(0.0854,0.0581000000000035,-0.01));
#2233=CARTESIAN_POINT('',(-0.00325,0.0581000000000035,-0.01));
#2234=CARTESIAN_POINT('',(-0.0919,0.0581000000000035,-0.01));
#2235=CARTESIAN_POINT('',(-0.0919,0.0581000000000035,-0.01));
#2236=CARTESIAN_POINT('',(-0.0919,0.0581000000000035,0.015));
#2237=CARTESIAN_POINT('',(-0.00325,0.0581000000000035,0.015));
#2238=CARTESIAN_POINT('',(-0.07298,0.0581000000000035,0.015));
#2239=CARTESIAN_POINT('',(-0.072258312163513,0.0581000000000035,0.01375));
#2240=CARTESIAN_POINT('',(-0.0715366243270259,0.0581000000000035,0.0125));
#2241=CARTESIAN_POINT('',(-0.06798,0.0581000000000035,0.0125));
#2242=CARTESIAN_POINT('',(-0.00325,-0.00364999999997745,0.015));
#2243=CARTESIAN_POINT('',(-0.09238812233436,0.0559150071083768,0.015));
#2244=CARTESIAN_POINT('',(-0.09113812233436,0.0559150071083768,0.015));
#2245=CARTESIAN_POINT('',(0.08588812233436,0.0559150071083768,0.015));
#2246=CARTESIAN_POINT('',(0.08713812233436,0.0559150071083768,0.015));
#2247=CARTESIAN_POINT('',(0.0854,-0.0623999999999584,0.015));
#2248=CARTESIAN_POINT('',(0.08665,-0.0623999999999584,0.015));
#2249=CARTESIAN_POINT('',(-0.0919,-0.0623999999999584,0.015));
#2250=CARTESIAN_POINT('',(-0.09065,-0.0623999999999584,0.015));
#2251=CARTESIAN_POINT('',(-0.00325,0.0566000000000035,0.015));
#2252=CARTESIAN_POINT('',(-0.0879,0.0566000000000035,0.015));
#2253=CARTESIAN_POINT('',(-0.07298,0.0566000000000035,0.015));
#2254=CARTESIAN_POINT('',(-0.07298,0.0495000000000035,0.015));
#2255=CARTESIAN_POINT('',(-0.0919,0.0551000000000035,0.015));
#2256=CARTESIAN_POINT('',(-0.0949,0.0551000000000035,0.015));
#2257=CARTESIAN_POINT('',(-0.0949,-0.00364999999997745,0.015));
#2258=CARTESIAN_POINT('',(-0.0949,-0.0623999999999584,0.015));
#2259=CARTESIAN_POINT('',(-0.0919,-0.0623999999999584,0.015));
#2260=CARTESIAN_POINT('',(-0.0919,-0.0653999999999584,0.015));
#2261=CARTESIAN_POINT('',(-0.00325,-0.0653999999999584,0.015));
#2262=CARTESIAN_POINT('',(0.0854,-0.0653999999999584,0.015));
#2263=CARTESIAN_POINT('',(0.0854,-0.0623999999999584,0.015));
#2264=CARTESIAN_POINT('',(0.0884,-0.0623999999999584,0.015));
#2265=CARTESIAN_POINT('',(0.0884,-0.00364999999997745,0.015));
#2266=CARTESIAN_POINT('',(0.0884,0.0551000000000035,0.015));
#2267=CARTESIAN_POINT('',(0.0854,0.0551000000000035,0.015));
#2268=CARTESIAN_POINT('',(-0.06298,0.0495000000000035,0.015));
#2269=CARTESIAN_POINT('',(-0.06298,0.0566000000000035,0.015));
#2270=CARTESIAN_POINT('',(-0.00325,0.0566000000000035,0.015));
#2271=CARTESIAN_POINT('',(0.0814,0.0566000000000035,0.015));
#2272=CARTESIAN_POINT('',(0.0814,0.0536000000000035,0.015));
#2273=CARTESIAN_POINT('',(0.0844,0.0536000000000035,0.015));
#2274=CARTESIAN_POINT('',(0.0844,-0.00239999999997745,0.015));
#2275=CARTESIAN_POINT('',(0.0844,-0.0583999999999584,0.015));
#2276=CARTESIAN_POINT('',(0.0814,-0.0583999999999584,0.015));
#2277=CARTESIAN_POINT('',(0.0814,-0.0613999999999584,0.015));
#2278=CARTESIAN_POINT('',(-0.00325,-0.0613999999999584,0.015));
#2279=CARTESIAN_POINT('',(-0.0879,-0.0613999999999584,0.015));
#2280=CARTESIAN_POINT('',(-0.0879,-0.0583999999999584,0.015));
#2281=CARTESIAN_POINT('',(-0.0909,-0.0583999999999584,0.015));
#2282=CARTESIAN_POINT('',(-0.0909,-0.00239999999997745,0.015));
#2283=CARTESIAN_POINT('',(-0.0909,0.0536000000000035,0.015));
#2284=CARTESIAN_POINT('',(-0.0879,0.0536000000000035,0.015));
#2285=CARTESIAN_POINT('',(-0.00325,-0.00364999999997745,-0.005));
#2286=CARTESIAN_POINT('',(-0.0869,-0.0583999999999584,-0.005));
#2287=CARTESIAN_POINT('',(-0.0869,0.0476,-0.005));
#2288=CARTESIAN_POINT('',(-0.0869,-0.0489,-0.005));
#2289=CARTESIAN_POINT('',(-0.085,-0.0489,-0.005));
#2290=CARTESIAN_POINT('',(-0.0791,-0.0489,-0.005));
#2291=CARTESIAN_POINT('',(-0.0791,-0.0509,-0.005));
#2292=CARTESIAN_POINT('',(-0.0771,-0.0509,-0.005));
#2293=CARTESIAN_POINT('',(-0.0771,-0.0561499999999792,-0.005));
#2294=CARTESIAN_POINT('',(-0.0771,-0.0573999999999584,-0.005));
#2295=CARTESIAN_POINT('',(0.0814,-0.0573999999999584,-0.005));
#2296=CARTESIAN_POINT('',(0.0754,-0.0573999999999584,-0.005));
#2297=CARTESIAN_POINT('',(0.0754,-0.0561499999999792,-0.005));
#2298=CARTESIAN_POINT('',(0.0754,-0.0509,-0.005));
#2299=CARTESIAN_POINT('',(0.0774,-0.0509,-0.005));
#2300=CARTESIAN_POINT('',(0.0774,-0.0489,-0.005));
#2301=CARTESIAN_POINT('',(0.0809,-0.0489,-0.005));
#2302=CARTESIAN_POINT('',(0.0804,-0.0489,-0.005));
#2303=CARTESIAN_POINT('',(0.0804,-0.00364999999997745,-0.005));
#2304=CARTESIAN_POINT('',(0.0804,0.0478,-0.005));
#2305=CARTESIAN_POINT('',(0.081,0.0478,-0.005));
#2306=CARTESIAN_POINT('',(0.0776,0.0478,-0.005));
#2307=CARTESIAN_POINT('',(0.0776,0.0498,-0.005));
#2308=CARTESIAN_POINT('',(0.0756,0.0498,-0.005));
#2309=CARTESIAN_POINT('',(0.0756,0.0532000000000018,-0.005));
#2310=CARTESIAN_POINT('',(0.0756,0.0526000000000035,-0.005));
#2311=CARTESIAN_POINT('',(-0.00325,0.0526000000000035,-0.005));
#2312=CARTESIAN_POINT('',(-0.0771,0.0526000000000035,-0.005));
#2313=CARTESIAN_POINT('',(-0.0771,0.0531000000000018,-0.005));
#2314=CARTESIAN_POINT('',(-0.0771,0.0496,-0.005));
#2315=CARTESIAN_POINT('',(-0.0791,0.0496,-0.005));
#2316=CARTESIAN_POINT('',(-0.0791,0.0476,-0.005));
#2317=CARTESIAN_POINT('',(-0.085,0.0476,-0.005));
#2318=CARTESIAN_POINT('',(-0.00325,0.0566000000000035,0.015));
#2319=CARTESIAN_POINT('',(0.0694,0.0566000000000035,0.004095));
#2320=CARTESIAN_POINT('',(0.0694,0.0566000000000035,0.007595));
#2321=CARTESIAN_POINT('',(0.0344,0.0566000000000035,0.004095));
#2322=CARTESIAN_POINT('',(0.0344,0.0566000000000035,0.007595));
#2323=CARTESIAN_POINT('',(-0.0480475,0.0566000000000035,0.0408638486840223));
#2324=CARTESIAN_POINT('',(-0.0644233756729741,0.0566000000000035,0.0125));
#2325=CARTESIAN_POINT('',(-0.00325,0.0566000000000035,0.0125));
#2326=CARTESIAN_POINT('',(-0.0715366243270259,0.0566000000000035,0.0125));
#2327=CARTESIAN_POINT('',(-0.0555475,0.0566000000000035,-0.0151939757029445));
#2328=CARTESIAN_POINT('',(-0.0879,0.0566000000000035,0.015));
#2329=CARTESIAN_POINT('',(-0.0879,0.0566000000000035,-0.004));
#2330=CARTESIAN_POINT('',(-0.00325,0.0566000000000035,-0.004));
#2331=CARTESIAN_POINT('',(0.0814,0.0566000000000035,-0.004));
#2332=CARTESIAN_POINT('',(0.0814,0.0566000000000035,0.015));
#2333=CARTESIAN_POINT('',(-0.0481,0.0566000000000035,0.00801));
#2334=CARTESIAN_POINT('',(-0.0481,0.0566000000000035,0.01301));
#2335=CARTESIAN_POINT('',(-0.00325,0.0566000000000035,0.005695000000002));
#2336=CARTESIAN_POINT('',(-0.0325,0.0566000000000035,0.005695000000002));
#2337=CARTESIAN_POINT('',(-0.0375,0.0566000000000035,0.005695000000002));
#2338=CARTESIAN_POINT('',(-0.0325,0.0566000000000035,0.015));
#2339=CARTESIAN_POINT('',(-0.0325,0.0566000000000035,0.002694999999997));
#2340=CARTESIAN_POINT('',(-0.00325,0.0566000000000035,0.00269499999999699));
#2341=CARTESIAN_POINT('',(-0.0375,0.0566000000000035,0.002694999999997));
#2342=CARTESIAN_POINT('',(-0.0375,0.0566000000000035,0.015));
#2343=CARTESIAN_POINT('',(0.0884,-0.00364999999997745,-0.01));
#2344=CARTESIAN_POINT('',(0.0884,-0.00364999999997745,-0.002405));
#2345=CARTESIAN_POINT('',(0.0884,0.01301,-0.002405));
#2346=CARTESIAN_POINT('',(0.0884,-0.02031,-0.002405));
#2347=CARTESIAN_POINT('',(0.0884,-0.02031,0.005135));
#2348=CARTESIAN_POINT('',(0.0884,-0.02031,0.008135));
#2349=CARTESIAN_POINT('',(0.0884,0.01001,0.008135));
#2350=CARTESIAN_POINT('',(0.0884,0.01301,0.008135));
#2351=CARTESIAN_POINT('',(0.0884,0.01301,-0.01));
#2352=CARTESIAN_POINT('',(0.0884,0.0551000000000035,-0.01));
#2353=CARTESIAN_POINT('',(0.0884,0.0551000000000035,-0.01));
#2354=CARTESIAN_POINT('',(0.0884,-0.0623999999999584,-0.01));
#2355=CARTESIAN_POINT('',(0.0884,-0.0623999999999584,-0.01));
#2356=CARTESIAN_POINT('',(0.0884,-0.00364999999997745,-0.01));
#2357=CARTESIAN_POINT('',(0.0844,-0.00239999999997745,0.015));
#2358=CARTESIAN_POINT('',(0.0844,0.0536000000000035,0.015));
#2359=CARTESIAN_POINT('',(0.0844,0.0536000000000035,-0.004));
#2360=CARTESIAN_POINT('',(0.0844,-0.00239999999997745,-0.004));
#2361=CARTESIAN_POINT('',(0.0844,-0.0583999999999584,-0.004));
#2362=CARTESIAN_POINT('',(0.0844,-0.0583999999999584,0.015));
#2363=CARTESIAN_POINT('',(0.0844,0.01001,0.015));
#2364=CARTESIAN_POINT('',(0.0844,0.01001,0.005135));
#2365=CARTESIAN_POINT('',(0.0844,0.01001,0.000595));
#2366=CARTESIAN_POINT('',(0.0844,-0.00239999999997745,0.005135));
#2367=CARTESIAN_POINT('',(0.0844,-0.01731,0.005135));
#2368=CARTESIAN_POINT('',(0.0844,-0.01731,0.015));
#2369=CARTESIAN_POINT('',(0.0844,-0.01731,0.000595));
#2370=CARTESIAN_POINT('',(0.0844,-0.00239999999997745,0.000595));
#2371=CARTESIAN_POINT('',(-0.00325,-0.0653999999999584,-0.01));
#2372=CARTESIAN_POINT('',(0.0854,-0.0653999999999584,-0.01));
#2373=CARTESIAN_POINT('',(0.0854,-0.0653999999999584,-0.01));
#2374=CARTESIAN_POINT('',(-0.0919,-0.0653999999999584,-0.01));
#2375=CARTESIAN_POINT('',(-0.0919,-0.0653999999999584,-0.01));
#2376=CARTESIAN_POINT('',(-0.00325,-0.0653999999999584,-0.01));
#2377=CARTESIAN_POINT('',(0.0854,-0.0623999999999584,-0.01));
#2378=CARTESIAN_POINT('',(0.0854,-0.0623999999999584,-0.01));
#2379=CARTESIAN_POINT('',(0.0854,0.0551000000000035,-0.01));
#2380=CARTESIAN_POINT('',(0.0854,0.0551000000000035,-0.01));
#2381=CARTESIAN_POINT('',(-0.0919,0.0551000000000035,-0.01));
#2382=CARTESIAN_POINT('',(-0.0949,0.0551000000000035,-0.01));
#2383=CARTESIAN_POINT('',(-0.0949,0.0551000000000035,-0.01));
#2384=CARTESIAN_POINT('',(-0.0919,0.0551000000000035,-0.01));
#2385=CARTESIAN_POINT('',(-0.0949,-0.00364999999997745,-0.01));
#2386=CARTESIAN_POINT('',(-0.0949,-0.0623999999999584,-0.01));
#2387=CARTESIAN_POINT('',(-0.0949,-0.0623999999999584,-0.01));
#2388=CARTESIAN_POINT('',(-0.0949,-0.00364999999997745,-0.01));
#2389=CARTESIAN_POINT('',(-0.0919,-0.0623999999999584,-0.01));
#2390=CARTESIAN_POINT('',(-0.0919,-0.0623999999999584,-0.01));
#2391=CARTESIAN_POINT('',(-0.00325,-0.00364999999997745,-0.01));
#2392=CARTESIAN_POINT('',(-0.0879,0.0536000000000035,0.015));
#2393=CARTESIAN_POINT('',(-0.0879,0.0536000000000035,-0.00475));
#2394=CARTESIAN_POINT('',(-0.0909,0.0536000000000035,-0.004));
#2395=CARTESIAN_POINT('',(-0.0900213203435596,0.0557213203435631,-0.00421966991411009));
#2396=CARTESIAN_POINT('',(-0.0879,0.0536000000000035,-0.00475));
#2397=CARTESIAN_POINT('',(-0.0909,0.0536000000000035,0.015));
#2398=CARTESIAN_POINT('',(0.0814,0.0536000000000035,0.015));
#2399=CARTESIAN_POINT('',(0.0814,0.0536000000000035,-0.00475));
#2400=CARTESIAN_POINT('',(0.0835213203435596,0.0557213203435632,-0.00421966991411009));
#2401=CARTESIAN_POINT('',(0.0814,0.0536000000000035,-0.00475));
#2402=CARTESIAN_POINT('',(0.0814,-0.0583999999999584,0.015));
#2403=CARTESIAN_POINT('',(0.0814,-0.0583999999999584,-0.00475));
#2404=CARTESIAN_POINT('',(0.0835213203435596,-0.0605213203435181,-0.00421966991411009));
#2405=CARTESIAN_POINT('',(0.0814,-0.0583999999999584,-0.00475));
#2406=CARTESIAN_POINT('',(0.0814,-0.0613999999999584,-0.004));
#2407=CARTESIAN_POINT('',(0.0814,-0.0613999999999584,0.015));
#2408=CARTESIAN_POINT('',(-0.00325,-0.0613999999999584,0.015));
#2409=CARTESIAN_POINT('',(-0.0879,-0.0613999999999584,-0.004));
#2410=CARTESIAN_POINT('',(-0.0879,-0.0613999999999584,-0.004));
#2411=CARTESIAN_POINT('',(-0.0879,-0.0613999999999584,0.015));
#2412=CARTESIAN_POINT('',(-0.0879,-0.0583999999999584,0.015));
#2413=CARTESIAN_POINT('',(-0.0879,-0.0583999999999584,-0.00475));
#2414=CARTESIAN_POINT('',(-0.0900213203435596,-0.060521320343518,-0.0042196699141101));
#2415=CARTESIAN_POINT('',(-0.0879,-0.0583999999999584,-0.00475));
#2416=CARTESIAN_POINT('',(-0.0909,-0.0583999999999584,-0.004));
#2417=CARTESIAN_POINT('',(-0.0909,-0.0583999999999584,0.015));
#2418=CARTESIAN_POINT('',(-0.0909,-0.00239999999997745,0.015));
#2419=CARTESIAN_POINT('',(-0.0909,0.0536000000000035,-0.004));
#2420=CARTESIAN_POINT('',(0.0634,0.01001,0.002865));
#2421=CARTESIAN_POINT('',(0.0634,0.01001,0.000595));
#2422=CARTESIAN_POINT('',(0.0859,0.01001,0.000595));
#2423=CARTESIAN_POINT('',(0.0859,0.01001,0.002865));
#2424=CARTESIAN_POINT('',(0.0859,0.01001,0.005135));
#2425=CARTESIAN_POINT('',(0.0634,0.01001,0.005135));
#2426=CARTESIAN_POINT('',(0.0634,-0.00365,0.005135));
#2427=CARTESIAN_POINT('',(0.0859,-0.01731,0.005135));
#2428=CARTESIAN_POINT('',(0.0859,-0.01731,0.005135));
#2429=CARTESIAN_POINT('',(0.0634,-0.01731,0.005135));
#2430=CARTESIAN_POINT('',(0.0634,-0.01731,0.002865));
#2431=CARTESIAN_POINT('',(0.0859,-0.01731,0.000595));
#2432=CARTESIAN_POINT('',(0.0859,-0.01731,0.000595));
#2433=CARTESIAN_POINT('',(0.0634,-0.01731,0.000595));
#2434=CARTESIAN_POINT('',(0.0634,-0.00365,0.000595));
#2435=CARTESIAN_POINT('',(0.0859,-0.00365,0.000595));
#2436=CARTESIAN_POINT('',(0.0884,0.01301,-0.01));
#2437=CARTESIAN_POINT('',(0.090748969072165,0.015828762886598,-0.00522376288659794));
#2438=CARTESIAN_POINT('',(0.0816752577319588,0.00494030927835052,6.53092783505218E-5));
#2439=CARTESIAN_POINT('',(0.0859,-0.00365,0.005135));
#2440=CARTESIAN_POINT('',(0.0851979381443299,-0.0164675257731959,0.00429252577319587));
#2441=CARTESIAN_POINT('',(0.0884,-0.00364999999997745,-0.002405));
#2442=CARTESIAN_POINT('',(0.0851979381443299,-0.0164675257731959,0.00143747422680412));
#2443=CARTESIAN_POINT('',(0.0859,-0.01731,0.002865));
#2444=CARTESIAN_POINT('',(-0.0481,0.0331000000000035,0.00801));
#2445=CARTESIAN_POINT('',(-0.035,0.0331000000000035,0.005695000000002));
#2446=CARTESIAN_POINT('',(-0.0375,0.0331000000000035,0.005695000000002));
#2447=CARTESIAN_POINT('',(-0.0375,0.0571000000000035,0.005695000000002));
#2448=CARTESIAN_POINT('',(-0.0325,0.0571000000000035,0.005695000000002));
#2449=CARTESIAN_POINT('',(-0.0325,0.0571000000000035,0.005695000000002));
#2450=CARTESIAN_POINT('',(-0.0325,0.0331000000000035,0.005695000000002));
#2451=CARTESIAN_POINT('',(-0.0325,0.0331000000000035,0.0041949999999995));
#2452=CARTESIAN_POINT('',(-0.0325,0.0571000000000035,0.0041949999999995));
#2453=CARTESIAN_POINT('',(-0.0325,0.0571000000000035,0.002694999999997));
#2454=CARTESIAN_POINT('',(-0.0325,0.0331000000000035,0.002694999999997));
#2455=CARTESIAN_POINT('',(-0.035,0.0331000000000035,0.002694999999997));
#2456=CARTESIAN_POINT('',(-0.035,0.0571000000000035,0.002694999999997));
#2457=CARTESIAN_POINT('',(-0.0375,0.0571000000000035,0.002694999999997));
#2458=CARTESIAN_POINT('',(-0.0375,0.0331000000000035,0.002694999999997));
#2459=CARTESIAN_POINT('',(-0.0375,0.0331000000000035,0.0041949999999995));
#2460=CARTESIAN_POINT('',(-0.0375,0.0571000000000035,0.009695000000002));
#2461=CARTESIAN_POINT('',(0.0344,0.0331000000000035,0.004095));
#2462=CARTESIAN_POINT('',(0.0694,0.0331000000000035,0.004095));
#2463=CARTESIAN_POINT('',(-0.035,0.0571000000000035,0.002694999999997));
#2464=CARTESIAN_POINT('',(-0.0327721088435379,0.0567598639455812,0.00405554421768634));
#2465=CARTESIAN_POINT('',(-0.039877324263038,0.060071655328801,-0.00919162131519302));
#2466=CARTESIAN_POINT('',(-0.00325,0.0581000000000035,0.009695000000002));
#2467=CARTESIAN_POINT('',(-0.0327721088435379,0.0567598639455812,0.00433445578231266));
#2468=CARTESIAN_POINT('',(-0.0347272108843533,0.0536340136054452,-0.0081689455782311));
#2469=CARTESIAN_POINT('',(-0.0869,-0.00364999999997745,-0.005));
#2470=CARTESIAN_POINT('',(-0.0608393939394032,-0.0313393939393616,-0.0115151515151492));
#2471=CARTESIAN_POINT('',(-0.0869,-0.0573999999999584,-0.005));
#2472=CARTESIAN_POINT('',(-0.0869,-0.0583999999999584,-0.005));
#2473=CARTESIAN_POINT('',(-0.0869,-0.0583999999999584,-0.005));
#2474=CARTESIAN_POINT('',(-0.0869,0.0526000000000035,-0.005));
#2475=CARTESIAN_POINT('',(-0.0484030303030303,0.0141030303030338,-0.0146242424242424));
#2476=CARTESIAN_POINT('',(-0.00325,0.0566000000000035,-0.004));
#2477=CARTESIAN_POINT('',(-0.00325,0.0526000000000035,-0.005));
#2478=CARTESIAN_POINT('',(-0.0830142135623719,0.0526000000000035,-0.005));
#2479=CARTESIAN_POINT('',(-0.00325,0.0526000000000035,-0.005));
#2480=CARTESIAN_POINT('',(-0.0801857864376281,0.0526000000000035,-0.005));
#2481=CARTESIAN_POINT('',(-0.00325,0.0526000000000035,-0.005));
#2482=CARTESIAN_POINT('',(-0.00325,0.0526000000000035,-0.005));
#2483=CARTESIAN_POINT('',(0.0784857864376281,0.0526000000000035,-0.005));
#2484=CARTESIAN_POINT('',(-0.00325,0.0526000000000035,-0.005));
#2485=CARTESIAN_POINT('',(0.0804,0.0526000000000035,-0.005));
#2486=CARTESIAN_POINT('',(0.0557939393939486,0.0279939393939522,-0.0111515151515128));
#2487=CARTESIAN_POINT('',(-0.00325,-0.0573999999999584,-0.005));
#2488=CARTESIAN_POINT('',(0.0557939393939486,-0.032793939393907,-0.0111515151515128));
#2489=CARTESIAN_POINT('',(0.0804,-0.0573999999999584,-0.005));
#2490=CARTESIAN_POINT('',(0.0814,-0.0573999999999584,-0.005));
#2491=CARTESIAN_POINT('',(0.0814,-0.0573999999999584,-0.005));
#2492=CARTESIAN_POINT('',(0.0844,-0.00239999999997745,-0.004));
#2493=CARTESIAN_POINT('',(0.0804,-0.00364999999997745,-0.005));
#2494=CARTESIAN_POINT('',(0.0804,0.0506857864376269,-0.005));
#2495=CARTESIAN_POINT('',(0.0804,-0.00364999999997745,-0.005));
#2496=CARTESIAN_POINT('',(0.0804,-0.00364999999997745,-0.005));
#2497=CARTESIAN_POINT('',(0.0804,-0.0519857864376269,-0.005));
#2498=CARTESIAN_POINT('',(0.0804,-0.00364999999997745,-0.005));
#2499=CARTESIAN_POINT('',(0.0804,-0.0548142135623731,-0.005));
#2500=CARTESIAN_POINT('',(0.0804,-0.00364999999997745,-0.005));
#2501=CARTESIAN_POINT('',(-0.0383,0.0581000000000035,-0.01));
#2502=CARTESIAN_POINT('',(-0.0325,0.0571000000000035,0.0041949999999995));
#2503=CARTESIAN_POINT('',(-0.0869,-0.0583999999999584,-0.0002));
#2504=CARTESIAN_POINT('',(-0.0869,0.0476,-0.0002));
#2505=CARTESIAN_POINT('',(-0.0869,0.0476,-0.0002));
#2506=CARTESIAN_POINT('',(-0.0869,-0.0583999999999584,-0.0002));
#2507=CARTESIAN_POINT('',(-0.0869,0.0526000000000035,-0.0002));
#2508=CARTESIAN_POINT('',(-0.0869,0.0526000000000035,-0.0002));
#2509=CARTESIAN_POINT('',(-0.085,0.0476,-0.0002));
#2510=CARTESIAN_POINT('',(-0.0791,0.0476,-0.0002));
#2511=CARTESIAN_POINT('',(-0.0791,0.0476,-0.0002));
#2512=CARTESIAN_POINT('',(-0.085,0.0476,-0.0002));
#2513=CARTESIAN_POINT('',(-0.0791,0.0496,-0.0002));
#2514=CARTESIAN_POINT('',(-0.0771,0.0496,-0.0002));
#2515=CARTESIAN_POINT('',(-0.0771,0.0496,-0.0002));
#2516=CARTESIAN_POINT('',(-0.0791,0.0496,-0.0002));
#2517=CARTESIAN_POINT('',(-0.0771,0.0531000000000018,-0.0002));
#2518=CARTESIAN_POINT('',(-0.0771,0.0526000000000035,-0.0002));
#2519=CARTESIAN_POINT('',(-0.0771,0.0526000000000035,-0.0002));
#2520=CARTESIAN_POINT('',(-0.0771,0.0531000000000018,-0.0002));
#2521=CARTESIAN_POINT('',(-0.00325,0.0526000000000035,-0.0002));
#2522=CARTESIAN_POINT('',(-0.0801857864376282,0.0526000000000035,-0.0002));
#2523=CARTESIAN_POINT('',(-0.0801857864376282,0.0526000000000035,-0.0002));
#2524=CARTESIAN_POINT('',(-0.00325,0.0526000000000035,-0.0002));
#2525=CARTESIAN_POINT('',(-0.0816,0.0521,-0.0002));
#2526=CARTESIAN_POINT('',(-0.0801857864376281,0.0526000000000035,-0.008));
#2527=CARTESIAN_POINT('',(-0.0801857864376281,0.0526000000000035,-0.008));
#2528=CARTESIAN_POINT('',(-0.0816,0.0521,-0.008));
#2529=CARTESIAN_POINT('',(-0.0830142135623719,0.0526000000000035,-0.008));
#2530=CARTESIAN_POINT('',(-0.0830142135623719,0.0526000000000035,-0.008));
#2531=CARTESIAN_POINT('',(-0.0830142135623719,0.0526000000000035,-0.0002));
#2532=CARTESIAN_POINT('',(-0.0830142135623719,0.0526000000000035,-0.0002));
#2533=CARTESIAN_POINT('',(-0.0816,0.0521,-0.0002));
#2534=CARTESIAN_POINT('',(-0.00325,0.0526000000000035,-0.0002));
#2535=CARTESIAN_POINT('',(-0.00325,0.0526000000000035,-0.0002));
#2536=CARTESIAN_POINT('',(-0.00325,-0.00239999999997745,-0.0002));
#2537=CARTESIAN_POINT('',(0.0804,-0.00364999999997745,-0.0002));
#2538=CARTESIAN_POINT('',(0.0804,-0.0489,-0.0002));
#2539=CARTESIAN_POINT('',(0.0804,-0.0489,-0.0002));
#2540=CARTESIAN_POINT('',(0.0804,-0.00364999999997745,-0.0002));
#2541=CARTESIAN_POINT('',(0.0804,-0.0519857864376269,-0.0002));
#2542=CARTESIAN_POINT('',(0.0804,-0.0519857864376269,-0.0002));
#2543=CARTESIAN_POINT('',(0.0809,-0.0489,-0.0002));
#2544=CARTESIAN_POINT('',(0.0774,-0.0489,-0.0002));
#2545=CARTESIAN_POINT('',(0.0774,-0.0489,-0.0002));
#2546=CARTESIAN_POINT('',(0.0809,-0.0489,-0.0002));
#2547=CARTESIAN_POINT('',(0.0774,-0.0509,-0.0002));
#2548=CARTESIAN_POINT('',(0.0754,-0.0509,-0.0002));
#2549=CARTESIAN_POINT('',(0.0754,-0.0509,-0.0002));
#2550=CARTESIAN_POINT('',(0.0774,-0.0509,-0.0002));
#2551=CARTESIAN_POINT('',(0.0754,-0.0561499999999792,-0.0002));
#2552=CARTESIAN_POINT('',(0.0754,-0.0573999999999584,-0.0002));
#2553=CARTESIAN_POINT('',(0.0754,-0.0573999999999584,-0.0002));
#2554=CARTESIAN_POINT('',(0.0754,-0.0561499999999792,-0.0002));
#2555=CARTESIAN_POINT('',(0.0814,-0.0573999999999584,-0.0002));
#2556=CARTESIAN_POINT('',(0.0804,-0.0573999999999584,-0.0002));
#2557=CARTESIAN_POINT('',(0.0804,-0.0573999999999584,-0.0002));
#2558=CARTESIAN_POINT('',(0.0814,-0.0573999999999584,-0.0002));
#2559=CARTESIAN_POINT('',(0.0804,-0.00364999999997745,-0.0002));
#2560=CARTESIAN_POINT('',(0.0804,-0.0548142135623731,-0.0002));
#2561=CARTESIAN_POINT('',(0.0804,-0.0548142135623731,-0.0002));
#2562=CARTESIAN_POINT('',(0.0804,-0.00364999999997745,-0.0002));
#2563=CARTESIAN_POINT('',(0.0799,-0.0534,-0.0002));
#2564=CARTESIAN_POINT('',(0.0804,-0.0548142135623731,-0.008));
#2565=CARTESIAN_POINT('',(0.0804,-0.0548142135623731,-0.008));
#2566=CARTESIAN_POINT('',(0.0799,-0.0534,-0.008));
#2567=CARTESIAN_POINT('',(0.0804,-0.0519857864376269,-0.008));
#2568=CARTESIAN_POINT('',(0.0804,-0.0519857864376269,-0.008));
#2569=CARTESIAN_POINT('',(0.0799,-0.0534,-0.0002));
#2570=CARTESIAN_POINT('',(-0.00325,-0.00239999999997745,-0.0002));
#2571=CARTESIAN_POINT('',(-0.085,-0.0489,-0.0002));
#2572=CARTESIAN_POINT('',(-0.0869,-0.0489,-0.0002));
#2573=CARTESIAN_POINT('',(-0.0869,-0.0489,-0.0002));
#2574=CARTESIAN_POINT('',(-0.085,-0.0489,-0.0002));
#2575=CARTESIAN_POINT('',(-0.0791,-0.0489,-0.0002));
#2576=CARTESIAN_POINT('',(-0.0791,-0.0489,-0.0002));
#2577=CARTESIAN_POINT('',(-0.0869,-0.0583999999999584,-0.0002));
#2578=CARTESIAN_POINT('',(-0.0869,-0.0573999999999584,-0.0002));
#2579=CARTESIAN_POINT('',(-0.0869,-0.0573999999999584,-0.0002));
#2580=CARTESIAN_POINT('',(-0.0869,-0.0583999999999584,-0.0002));
#2581=CARTESIAN_POINT('',(0.0814,-0.0573999999999584,-0.0002));
#2582=CARTESIAN_POINT('',(-0.0771,-0.0573999999999584,-0.0002));
#2583=CARTESIAN_POINT('',(-0.0771,-0.0573999999999584,-0.0002));
#2584=CARTESIAN_POINT('',(0.0814,-0.0573999999999584,-0.0002));
#2585=CARTESIAN_POINT('',(-0.0771,-0.0561499999999792,-0.0002));
#2586=CARTESIAN_POINT('',(-0.0771,-0.0509,-0.0002));
#2587=CARTESIAN_POINT('',(-0.0771,-0.0509,-0.0002));
#2588=CARTESIAN_POINT('',(-0.0771,-0.0561499999999792,-0.0002));
#2589=CARTESIAN_POINT('',(-0.0791,-0.0509,-0.0002));
#2590=CARTESIAN_POINT('',(-0.0791,-0.0509,-0.0002));
#2591=CARTESIAN_POINT('',(-0.0816,-0.0534,-0.0002));
#2592=CARTESIAN_POINT('',(-0.0816,-0.0534,-0.0002));
#2593=CARTESIAN_POINT('',(-0.0801,-0.0534,-0.0002));
#2594=CARTESIAN_POINT('',(-0.0816,-0.0534,-0.008));
#2595=CARTESIAN_POINT('',(-0.0801,-0.0534,-0.008));
#2596=CARTESIAN_POINT('',(-0.00325,-0.00239999999997745,-0.0002));
#2597=CARTESIAN_POINT('',(0.0776,0.0498,-0.0002));
#2598=CARTESIAN_POINT('',(0.0776,0.0478,-0.0002));
#2599=CARTESIAN_POINT('',(0.0776,0.0478,-0.0002));
#2600=CARTESIAN_POINT('',(0.0776,0.0498,-0.0002));
#2601=CARTESIAN_POINT('',(0.0756,0.0498,-0.0002));
#2602=CARTESIAN_POINT('',(0.0756,0.0498,-0.0002));
#2603=CARTESIAN_POINT('',(0.081,0.0478,-0.0002));
#2604=CARTESIAN_POINT('',(0.0804,0.0478,-0.0002));
#2605=CARTESIAN_POINT('',(0.0804,0.0478,-0.0002));
#2606=CARTESIAN_POINT('',(0.081,0.0478,-0.0002));
#2607=CARTESIAN_POINT('',(0.0804,-0.00364999999997745,-0.0002));
#2608=CARTESIAN_POINT('',(0.0804,0.0506857864376269,-0.0002));
#2609=CARTESIAN_POINT('',(0.0804,0.0506857864376269,-0.0002));
#2610=CARTESIAN_POINT('',(0.0804,-0.00364999999997745,-0.0002));
#2611=CARTESIAN_POINT('',(0.0799,0.0521,-0.0002));
#2612=CARTESIAN_POINT('',(0.0804,0.0506857864376269,-0.008));
#2613=CARTESIAN_POINT('',(0.0804,0.0506857864376269,-0.008));
#2614=CARTESIAN_POINT('',(0.0799,0.0521,-0.008));
#2615=CARTESIAN_POINT('',(0.0784857864376281,0.0526000000000035,-0.008));
#2616=CARTESIAN_POINT('',(0.0784857864376281,0.0526000000000035,-0.008));
#2617=CARTESIAN_POINT('',(0.0784857864376281,0.0526000000000035,-0.0002));
#2618=CARTESIAN_POINT('',(0.0784857864376281,0.0526000000000035,-0.0002));
#2619=CARTESIAN_POINT('',(0.0799,0.0521,-0.0002));
#2620=CARTESIAN_POINT('',(-0.00325,0.0526000000000035,-0.0002));
#2621=CARTESIAN_POINT('',(0.0756,0.0526000000000035,-0.0002));
#2622=CARTESIAN_POINT('',(0.0756,0.0526000000000035,-0.0002));
#2623=CARTESIAN_POINT('',(-0.00325,0.0526000000000035,-0.0002));
#2624=CARTESIAN_POINT('',(0.0756,0.0532000000000018,-0.0002));
#2625=CARTESIAN_POINT('',(0.0756,0.0532000000000018,-0.0002));
#2626=CARTESIAN_POINT('',(-0.00325,-0.00239999999997745,-0.0002));
#2627=CARTESIAN_POINT('',(-0.00325,0.0526000000000035,-0.008));
#2628=CARTESIAN_POINT('',(-0.00325,0.0526000000000035,-0.008));
#2629=CARTESIAN_POINT('',(0.0804,0.0526000000000035,-0.008));
#2630=CARTESIAN_POINT('',(0.0804,0.0526000000000035,-0.008));
#2631=CARTESIAN_POINT('',(0.0804,-0.00364999999997745,-0.008));
#2632=CARTESIAN_POINT('',(0.0804,-0.00364999999997745,-0.008));
#2633=CARTESIAN_POINT('',(-0.00325,-0.00364999999997745,-0.008));
#2634=CARTESIAN_POINT('',(-0.00325,0.0526000000000035,-0.008));
#2635=CARTESIAN_POINT('',(-0.00325,0.0526000000000035,-0.008));
#2636=CARTESIAN_POINT('',(-0.00325,-0.00364999999997745,-0.008));
#2637=CARTESIAN_POINT('',(0.0804,-0.00364999999997745,-0.008));
#2638=CARTESIAN_POINT('',(0.0804,-0.00364999999997745,-0.008));
#2639=CARTESIAN_POINT('',(-0.00325,-0.00364999999997745,-0.008));
#2640=CARTESIAN_POINT('',(-0.00325,-0.00364999999997745,-0.008));
#2641=CARTESIAN_POINT('',(-0.0919,-0.0623999999999584,0.0085));
#2642=CARTESIAN_POINT('',(-0.0919,-0.0623999999999584,0.0085));
#2643=CARTESIAN_POINT('',(-0.09065,-0.0623999999999584,0.0085));
#2644=CARTESIAN_POINT('',(-0.00325,-0.00364999999997745,0.0085));
#2645=CARTESIAN_POINT('',(0.0854,-0.0623999999999584,0.0085));
#2646=CARTESIAN_POINT('',(0.0854,-0.0623999999999584,0.0085));
#2647=CARTESIAN_POINT('',(0.08665,-0.0623999999999584,0.0085));
#2648=CARTESIAN_POINT('',(-0.00325,-0.00364999999997745,0.0085));
#2649=CARTESIAN_POINT('',(0.08588812233436,0.0559150071083768,0.0085));
#2650=CARTESIAN_POINT('',(0.08588812233436,0.0559150071083768,0.0085));
#2651=CARTESIAN_POINT('',(0.08713812233436,0.0559150071083768,0.0085));
#2652=CARTESIAN_POINT('',(-0.00325,-0.00364999999997745,0.0085));
#2653=CARTESIAN_POINT('',(-0.09238812233436,0.0559150071083768,0.0085));
#2654=CARTESIAN_POINT('',(-0.09238812233436,0.0559150071083768,0.0085));
#2655=CARTESIAN_POINT('',(-0.09113812233436,0.0559150071083768,0.0085));
#2656=CARTESIAN_POINT('',(-0.00325,-0.00364999999997745,0.0085));
#2657=CARTESIAN_POINT('',(-0.06798,0.0495000000000035,0.0125));
#2658=CARTESIAN_POINT('',(-0.0644233756729741,0.0495000000000035,0.0125));
#2659=CARTESIAN_POINT('',(-0.0715366243270259,0.0495000000000035,0.0125));
#2660=CARTESIAN_POINT('',(-0.063701687836487,0.0495000000000035,0.01375));
#2661=CARTESIAN_POINT('',(-0.072258312163513,0.0495000000000035,0.01375));
#2662=MECHANICAL_DESIGN_GEOMETRIC_PRESENTATION_REPRESENTATION('',(#1605),
#2663);
#2663=(
GEOMETRIC_REPRESENTATION_CONTEXT(3)
GLOBAL_UNCERTAINTY_ASSIGNED_CONTEXT((#2664))
GLOBAL_UNIT_ASSIGNED_CONTEXT((#2667,#2666,#2665))
REPRESENTATION_CONTEXT('Body','TOP_LEVEL_ASSEMBLY_PART')
);
#2664=UNCERTAINTY_MEASURE_WITH_UNIT(LENGTH_MEASURE(1.E-8),#2667,
'DISTANCE_ACCURACY_VALUE','Maximum Tolerance applied to model');
#2665=(
NAMED_UNIT(*)
SI_UNIT($,.STERADIAN.)
SOLID_ANGLE_UNIT()
);
#2666=(
NAMED_UNIT(*)
PLANE_ANGLE_UNIT()
SI_UNIT($,.RADIAN.)
);
#2667=(
LENGTH_UNIT()
NAMED_UNIT(*)
SI_UNIT($,.METRE.)
);
#2668=PRODUCT_DEFINITION_SHAPE('','',#2669);
#2669=PRODUCT_DEFINITION('','',#2671,#2670);
#2670=PRODUCT_DEFINITION_CONTEXT('',#2677,'design');
#2671=PRODUCT_DEFINITION_FORMATION_WITH_SPECIFIED_SOURCE('','',#2673,
 .NOT_KNOWN.);
#2672=PRODUCT_RELATED_PRODUCT_CATEGORY('','',(#2673));
#2673=PRODUCT('Body','Body','Body',(#2675));
#2674=PRODUCT_CATEGORY('','');
#2675=PRODUCT_CONTEXT('',#2677,'mechanical');
#2676=APPLICATION_PROTOCOL_DEFINITION('international standard',
'ap242_managed_model_based_3d_engineering',2020,#2677);
#2677=APPLICATION_CONTEXT('managed model based 3d engineering');
ENDSEC;
END-ISO-10303-21;
